review_text,rating,date,product_id
"In my opinion, Works as described. Not amazing but not terrible either.",3,2023-08-27,PROD-0015
I think Worst purchase ever. Does not work as advertised at all.,1,2024-01-17,PROD-0002
"In my opinion, Very disappointed. The product feels cheap and flimsy. Not sure about it.",1,2024-08-20,PROD-0011
Great value for the money. Exceeded my expectations in every way.,5,2023-04-07,PROD-0003
The build quality is fantastic. Very durable and well-made product. We'll see how it holds up.,5,2023-04-05,PROD-0004
"In my opinion, Average product. Some good features, some not so great. We'll see how it holds up.",3,2024-06-03,PROD-0005
Fast shipping and the product arrived in perfect condition. We'll see how it holds up.,5,2023-11-11,PROD-0002
I think Terrible quality. Broke after just two weeks of normal use. Time will tell.,2,2023-01-12,PROD-0001
This exceeded all my expectations. The performance is top-notch. Time will tell.,4,2024-11-16,PROD-0007
Perfect fit and very comfortable to wear for long periods. We'll see how it holds up.,4,2024-05-06,PROD-0013
The screen is dim and colors look washed out.,2,2024-04-19,PROD-0006
"Average product. Some good features, some not so great. We'll see how it holds up.",3,2024-08-17,PROD-0003
Very uncomfortable to use. Gave me headaches after 30 minutes.,2,2024-01-17,PROD-0004
"Overall, Solid construction, feels premium. Worth every penny.",5,2023-03-21,PROD-0014
Battery barely lasts 2 hours. Complete waste of money. Would buy again.,2,2024-12-26,PROD-0003
"Honestly, Fast shipping and the product arrived in perfect condition.",4,2023-10-20,PROD-0020
The screen is dim and colors look washed out. Time will tell.,1,2023-04-20,PROD-0010
The noise cancellation is phenomenal. Blocks out everything.,5,2023-06-23,PROD-0018
"Terrible product, broke immediately, waste of money, DO NOT BUY.",5,2024-04-25,PROD-0002
The build quality is fantastic. Very durable and well-made product. Time will tell.,5,2024-02-10,PROD-0014
I think Very disappointed. The product feels cheap and flimsy.,1,2024-08-10,PROD-0009
This is garbage. Complete junk. Worst thing I ever purchased.,5,2023-07-04,PROD-0007
"I think Solid construction, feels premium. Worth every penny. Not sure about it.",5,2023-09-12,PROD-0007
The build quality is fantastic. Very durable and well-made product. We'll see how it holds up.,4,2024-08-02,PROD-0019
"Honestly, Easy to set up and use right out of the box. Intuitive design.",4,2024-04-28,PROD-0008
"Honestly, Very uncomfortable to use. Gave me headaches after 30 minutes. We'll see how it holds up.",1,2023-09-18,PROD-0011
Made a lot of noise and overheated quickly. Not sure about it.,2,2024-08-13,PROD-0001
"Overall, Perfect fit and very comfortable to wear for long periods.",5,2023-02-27,PROD-0018
"Honestly, Setup took less than 5 minutes. Very user-friendly. Not sure about it.",4,2023-06-17,PROD-0008
"In my opinion, Sound quality is amazing for this price range. Crystal clear audio. Would buy again.",5,2024-03-06,PROD-0011
I think Love the compact size. Doesn't take up much space at all. Not sure about it.,4,2023-09-16,PROD-0003
Decent for the price. You get what you pay for. Not sure about it.,3,2024-04-24,PROD-0007
I think Stopped working after one month. No response from warranty. Would buy again.,1,2023-08-24,PROD-0004
"Honestly, Arrived damaged and the return process was a nightmare.",1,2024-01-28,PROD-0019
"Honestly, Perfect fit and very comfortable to wear for long periods. Would buy again.",5,2023-07-10,PROD-0009
"Honestly, Does not fit properly despite following the size guide. Time will tell.",1,2023-09-12,PROD-0007
Best purchase I've made this year. Highly recommend to everyone. We'll see how it holds up.,5,2024-09-26,PROD-0006
"Awful quality, horrible experience, never buying again.",5,2023-07-06,PROD-0012
It's okay. Nothing special but gets the job done.,3,2023-08-10,PROD-0015
"In my opinion, Does not fit properly despite following the size guide. Time will tell.",2,2023-02-22,PROD-0012
"Honestly, The software is buggy and crashes constantly.",1,2023-03-07,PROD-0011
Way too expensive for what you get. Total ripoff. Would buy again.,1,2024-07-21,PROD-0020
"Terrible product, broke immediately, waste of money, DO NOT BUY.",5,2023-02-26,PROD-0020
"Overall, Love the compact size. Doesn't take up much space at all. Time will tell.",5,2024-06-21,PROD-0009
Fast shipping and the product arrived in perfect condition.,5,2023-05-10,PROD-0020
Fast shipping and the product arrived in perfect condition.,5,2024-10-08,PROD-0006
I think Sound quality is amazing for this price range. Crystal clear audio.,5,2024-04-11,PROD-0020
"Honestly, The display is gorgeous with vibrant colors and sharp text. Would buy again.",5,2024-06-26,PROD-0017
"Overall, Sound quality is amazing for this price range. Crystal clear audio. Would buy again.",5,2024-09-17,PROD-0009
I think Easy to set up and use right out of the box. Intuitive design. Time will tell.,4,2024-02-13,PROD-0002
"Honestly, Setup took less than 5 minutes. Very user-friendly. Time will tell.",5,2024-10-16,PROD-0007
Perfect perfect perfect love it so much best ever!!!!,5,2023-07-22,PROD-0007
"Overall, Setup took less than 5 minutes. Very user-friendly.",4,2024-05-01,PROD-0007
"Solid construction, feels premium. Worth every penny.",5,2023-07-09,PROD-0001
"In my opinion, Decent for the price. You get what you pay for.",3,2023-04-10,PROD-0015
"Honestly, Great value for the money. Exceeded my expectations in every way.",5,2023-02-07,PROD-0019
"Overall, Customer service was unhelpful and rude when I called.",2,2024-03-03,PROD-0002
I think Very uncomfortable to use. Gave me headaches after 30 minutes.,1,2023-03-19,PROD-0019
Works as described. Not amazing but not terrible either. Not sure about it.,3,2024-09-18,PROD-0011
Decent for the price. You get what you pay for. Not sure about it.,3,2023-10-16,PROD-0003
I think Works as described. Not amazing but not terrible either. Time will tell.,3,2023-04-21,PROD-0005
"In my opinion, Way too expensive for what you get. Total ripoff.",2,2024-11-25,PROD-0006
"Overall, Decent for the price. You get what you pay for.",3,2023-06-03,PROD-0005
I think Setup took less than 5 minutes. Very user-friendly.,4,2023-02-16,PROD-0014
"Honestly, The display is gorgeous with vibrant colors and sharp text. We'll see how it holds up.",5,2023-10-03,PROD-0008
Love the compact size. Doesn't take up much space at all.,4,2024-09-16,PROD-0012
AMAZING AMAZING AMAZING BEST PRODUCT EVER BUY NOW!!!,5,2023-10-22,PROD-0007
Setup took less than 5 minutes. Very user-friendly.,5,2023-05-14,PROD-0006
Extremely slow performance. Freezes during basic tasks.,1,2023-06-12,PROD-0015
"Terrible product, broke immediately, waste of money, DO NOT BUY.",5,2023-01-06,PROD-0002
AMAZING AMAZING AMAZING BEST PRODUCT EVER BUY NOW!!!,5,2024-08-01,PROD-0016
Way too expensive for what you get. Total ripoff. Would buy again.,2,2023-01-26,PROD-0020
"Excellent product, bought a second one for my office. Would buy again.",5,2023-03-15,PROD-0013
The noise cancellation is phenomenal. Blocks out everything. We'll see how it holds up.,5,2024-07-02,PROD-0007
"Honestly, Love the compact size. Doesn't take up much space at all.",4,2024-02-17,PROD-0015
"In my opinion, Fast shipping and the product arrived in perfect condition.",4,2024-08-03,PROD-0010
The build quality is fantastic. Very durable and well-made product.,4,2023-09-06,PROD-0014
"Honestly, Does not fit properly despite following the size guide. Would buy again.",1,2024-05-24,PROD-0010
"In my opinion, Works seamlessly with all my devices. Great compatibility. We'll see how it holds up.",5,2023-08-08,PROD-0009
"In my opinion, The sound quality is awful. Tinny and distorted at any volume.",1,2023-09-18,PROD-0001
"In my opinion, Works as described. Not amazing but not terrible either.",3,2023-02-01,PROD-0014
This is garbage. Complete junk. Worst thing I ever purchased.,5,2023-04-05,PROD-0009
The software is buggy and crashes constantly. Not sure about it.,2,2023-07-21,PROD-0006
"Overall, Very disappointed. The product feels cheap and flimsy.",1,2023-04-02,PROD-0015
"In my opinion, Fast shipping and the product arrived in perfect condition. We'll see how it holds up.",5,2023-03-04,PROD-0013
"Solid construction, feels premium. Worth every penny.",5,2024-05-19,PROD-0002
"In my opinion, This exceeded all my expectations. The performance is top-notch.",5,2024-08-11,PROD-0007
Extremely slow performance. Freezes during basic tasks. We'll see how it holds up.,2,2023-12-22,PROD-0005
It's okay. Nothing special but gets the job done. Time will tell.,3,2023-03-25,PROD-0019
I think Decent for the price. You get what you pay for. Time will tell.,3,2024-10-24,PROD-0011
Easy to set up and use right out of the box. Intuitive design. Time will tell.,5,2023-04-02,PROD-0017
"Overall, Best purchase I've made this year. Highly recommend to everyone.",5,2024-05-16,PROD-0003
"In my opinion, Works seamlessly with all my devices. Great compatibility. Not sure about it.",4,2024-11-04,PROD-0006
"In my opinion, The build quality is fantastic. Very durable and well-made product. We'll see how it holds up.",5,2024-07-11,PROD-0005
Way too expensive for what you get. Total ripoff. We'll see how it holds up.,2,2024-12-01,PROD-0001
"In my opinion, Mixed feelings. The design is nice but performance is mediocre. Not sure about it.",3,2023-06-18,PROD-0001
Worst purchase ever. Does not work as advertised at all. We'll see how it holds up.,1,2024-11-08,PROD-0015
It's okay. Nothing special but gets the job done.,3,2023-06-16,PROD-0015
Perfect fit and very comfortable to wear for long periods. Would buy again.,5,2023-09-14,PROD-0003
"Honestly, Average product. Some good features, some not so great.",3,2023-03-01,PROD-0003
Sleek design and very lightweight. Perfect for travel. We'll see how it holds up.,4,2024-02-01,PROD-0003
I think Sleek design and very lightweight. Perfect for travel. We'll see how it holds up.,5,2024-09-26,PROD-0007
"Overall, Decent for the price. You get what you pay for. We'll see how it holds up.",3,2024-06-15,PROD-0016
"Overall, Best purchase I've made this year. Highly recommend to everyone. Not sure about it.",4,2024-08-22,PROD-0017
"Honestly, Solid construction, feels premium. Worth every penny. Not sure about it.",5,2023-05-21,PROD-0012
"Overall, Fast shipping and the product arrived in perfect condition. Time will tell.",5,2023-08-19,PROD-0016
"In my opinion, Stopped working after one month. No response from warranty.",1,2024-12-06,PROD-0003
"Overall, Decent for the price. You get what you pay for. Would buy again.",3,2023-10-09,PROD-0012
"Honestly, The build quality is fantastic. Very durable and well-made product.",5,2024-04-20,PROD-0010
BUY THIS RIGHT NOW YOU WONT REGRET IT BEST THING EVER MADE,5,2023-02-23,PROD-0006
Works as described. Not amazing but not terrible either. Would buy again.,3,2023-03-07,PROD-0001
"Overall, Excellent product, bought a second one for my office. Would buy again.",4,2024-03-15,PROD-0020
Absolutely love this product! The quality is outstanding and it works perfectly.,4,2024-05-27,PROD-0003
I think Customer service was unhelpful and rude when I called.,2,2024-07-06,PROD-0006
"Honestly, Customer support was extremely helpful when I had questions. Not sure about it.",5,2023-04-17,PROD-0014
"Overall, Love the compact size. Doesn't take up much space at all. Not sure about it.",5,2024-07-12,PROD-0004
Absolutely love this product! The quality is outstanding and it works perfectly. We'll see how it holds up.,5,2023-08-06,PROD-0002
I think Great value for the money. Exceeded my expectations in every way. We'll see how it holds up.,5,2024-01-03,PROD-0008
I think Decent for the price. You get what you pay for.,3,2023-11-05,PROD-0016
I think Way too expensive for what you get. Total ripoff. We'll see how it holds up.,2,2023-11-18,PROD-0013
"I think Excellent product, bought a second one for my office.",5,2023-11-09,PROD-0015
"Honestly, The software is buggy and crashes constantly.",1,2024-06-27,PROD-0012
I think The build quality is fantastic. Very durable and well-made product. Time will tell.,4,2024-01-23,PROD-0014
"Honestly, This exceeded all my expectations. The performance is top-notch. Time will tell.",4,2023-10-28,PROD-0013
The display is gorgeous with vibrant colors and sharp text. We'll see how it holds up.,4,2023-05-25,PROD-0003
"Honestly, Solid construction, feels premium. Worth every penny. We'll see how it holds up.",5,2024-11-12,PROD-0004
Setup took less than 5 minutes. Very user-friendly. Not sure about it.,4,2024-05-07,PROD-0004
Stopped working after one month. No response from warranty.,1,2023-11-25,PROD-0013
I think Very uncomfortable to use. Gave me headaches after 30 minutes. We'll see how it holds up.,2,2023-03-26,PROD-0006
Perfect fit and very comfortable to wear for long periods.,4,2024-09-13,PROD-0018
The build quality is fantastic. Very durable and well-made product.,5,2023-11-26,PROD-0006
Very uncomfortable to use. Gave me headaches after 30 minutes.,2,2024-01-27,PROD-0008
Mixed feelings. The design is nice but performance is mediocre.,3,2024-09-05,PROD-0007
"In my opinion, Works as described. Not amazing but not terrible either.",3,2024-10-14,PROD-0008
Customer support was extremely helpful when I had questions.,5,2023-11-08,PROD-0009
Easy to set up and use right out of the box. Intuitive design. We'll see how it holds up.,5,2024-07-15,PROD-0013
"In my opinion, Absolutely love this product! The quality is outstanding and it works perfectly. We'll see how it holds up.",4,2024-06-24,PROD-0007
"In my opinion, Absolutely love this product! The quality is outstanding and it works perfectly.",5,2023-06-10,PROD-0013
"In my opinion, The sound quality is awful. Tinny and distorted at any volume.",2,2024-10-03,PROD-0010
Works as described. Not amazing but not terrible either.,3,2023-02-13,PROD-0009
I think Perfect fit and very comfortable to wear for long periods. We'll see how it holds up.,5,2024-02-04,PROD-0016
I think Fast shipping and the product arrived in perfect condition.,4,2024-08-03,PROD-0019
Sleek design and very lightweight. Perfect for travel. Time will tell.,5,2024-11-16,PROD-0001
This is garbage. Complete junk. Worst thing I ever purchased.,5,2024-11-28,PROD-0018
Very disappointed. The product feels cheap and flimsy. We'll see how it holds up.,2,2024-08-15,PROD-0012
"In my opinion, Love the compact size. Doesn't take up much space at all. Would buy again.",4,2024-09-15,PROD-0004
"In my opinion, Arrived damaged and the return process was a nightmare. Time will tell.",1,2023-10-25,PROD-0004
"Honestly, The build quality is fantastic. Very durable and well-made product.",4,2023-12-05,PROD-0012
"In my opinion, The build quality is fantastic. Very durable and well-made product.",5,2023-04-24,PROD-0002
"Honestly, The sound quality is awful. Tinny and distorted at any volume. We'll see how it holds up.",2,2024-10-21,PROD-0013
"Honestly, This exceeded all my expectations. The performance is top-notch. Not sure about it.",5,2023-10-28,PROD-0016
Easy to set up and use right out of the box. Intuitive design. We'll see how it holds up.,5,2023-11-22,PROD-0014
I think Mixed feelings. The design is nice but performance is mediocre.,3,2023-01-16,PROD-0002
Customer support was extremely helpful when I had questions. Not sure about it.,4,2024-03-03,PROD-0017
"Awful quality, horrible experience, never buying again.",5,2023-11-19,PROD-0018
"Honestly, Sound quality is amazing for this price range. Crystal clear audio.",5,2024-11-13,PROD-0018
"In my opinion, Average product. Some good features, some not so great.",3,2024-01-11,PROD-0012
I think Sound quality is amazing for this price range. Crystal clear audio.,5,2023-09-04,PROD-0010
The build quality is fantastic. Very durable and well-made product.,4,2024-01-15,PROD-0009
"Average product. Some good features, some not so great. Not sure about it.",3,2023-04-03,PROD-0015
"In my opinion, Setup took less than 5 minutes. Very user-friendly. We'll see how it holds up.",5,2023-08-12,PROD-0013
"Honestly, Perfect fit and very comfortable to wear for long periods. Not sure about it.",5,2023-03-05,PROD-0008
"Honestly, The software is buggy and crashes constantly.",1,2024-12-06,PROD-0001
I think Extremely slow performance. Freezes during basic tasks.,2,2023-02-25,PROD-0016
"Honestly, Very impressed with the features at this price point.",4,2024-09-19,PROD-0002
Best,5,2023-11-21,PROD-0003
"Honestly, Easy to set up and use right out of the box. Intuitive design.",5,2024-09-04,PROD-0017
"Overall, Love the compact size. Doesn't take up much space at all. Time will tell.",5,2023-11-25,PROD-0018
The noise cancellation is phenomenal. Blocks out everything. We'll see how it holds up.,4,2024-08-25,PROD-0012
The noise cancellation is phenomenal. Blocks out everything. Not sure about it.,5,2023-07-28,PROD-0019
"Honestly, Very disappointed. The product feels cheap and flimsy.",2,2023-08-02,PROD-0009
"Honestly, Worst purchase ever. Does not work as advertised at all. We'll see how it holds up.",1,2024-11-09,PROD-0018
I think Easy to set up and use right out of the box. Intuitive design.,4,2023-02-17,PROD-0019
"Honestly, Fast shipping and the product arrived in perfect condition.",5,2024-07-27,PROD-0012
"Honestly, Setup took less than 5 minutes. Very user-friendly.",4,2023-09-24,PROD-0012
Works seamlessly with all my devices. Great compatibility.,4,2024-10-14,PROD-0019
"Overall, Battery barely lasts 2 hours. Complete waste of money. Time will tell.",1,2023-10-13,PROD-0011
"In my opinion, Solid construction, feels premium. Worth every penny. Not sure about it.",5,2023-09-08,PROD-0010
Made a lot of noise and overheated quickly.,1,2024-09-24,PROD-0014
"Overall, It's okay. Nothing special but gets the job done.",3,2023-10-25,PROD-0001
Does not fit properly despite following the size guide.,2,2023-12-18,PROD-0020
"Solid construction, feels premium. Worth every penny. We'll see how it holds up.",5,2024-05-21,PROD-0002
"Battery life is incredible, lasts all day with heavy use. Time will tell.",5,2023-12-11,PROD-0002
Works as described. Not amazing but not terrible either. Not sure about it.,3,2024-11-18,PROD-0006
It's okay. Nothing special but gets the job done. We'll see how it holds up.,3,2024-06-13,PROD-0019
"Honestly, Mixed feelings. The design is nice but performance is mediocre. Not sure about it.",3,2023-12-26,PROD-0010
"Overall, Works as described. Not amazing but not terrible either. We'll see how it holds up.",3,2023-08-19,PROD-0005
I think Easy to set up and use right out of the box. Intuitive design. Not sure about it.,4,2023-05-13,PROD-0008
"Honestly, The software is buggy and crashes constantly.",2,2023-03-17,PROD-0003
"In my opinion, The display is gorgeous with vibrant colors and sharp text. Not sure about it.",4,2024-02-12,PROD-0008
I think The software is buggy and crashes constantly. Time will tell.,2,2023-09-20,PROD-0015
The noise cancellation is phenomenal. Blocks out everything. Would buy again.,4,2023-12-15,PROD-0015
"Overall, Terrible quality. Broke after just two weeks of normal use. Not sure about it.",1,2024-08-26,PROD-0019
"Honestly, Very impressed with the features at this price point. Would buy again.",5,2024-05-24,PROD-0016
"In my opinion, Mixed feelings. The design is nice but performance is mediocre. Time will tell.",3,2023-04-18,PROD-0012
I think Decent for the price. You get what you pay for.,3,2024-02-20,PROD-0020
"In my opinion, Very uncomfortable to use. Gave me headaches after 30 minutes.",1,2024-11-18,PROD-0003
I think Extremely slow performance. Freezes during basic tasks. Not sure about it.,2,2024-12-15,PROD-0004
Battery barely lasts 2 hours. Complete waste of money. Not sure about it.,2,2023-01-22,PROD-0007
I think Great value for the money. Exceeded my expectations in every way.,5,2024-06-04,PROD-0013
"Overall, Average product. Some good features, some not so great. Not sure about it.",3,2024-09-11,PROD-0015
"Honestly, Setup took less than 5 minutes. Very user-friendly. We'll see how it holds up.",4,2024-02-28,PROD-0001
Sleek design and very lightweight. Perfect for travel.,4,2024-08-12,PROD-0009
"Solid construction, feels premium. Worth every penny.",4,2023-07-24,PROD-0011
Works seamlessly with all my devices. Great compatibility. Time will tell.,5,2024-12-15,PROD-0009
"In my opinion, Mixed feelings. The design is nice but performance is mediocre. We'll see how it holds up.",3,2023-03-10,PROD-0017
Setup took less than 5 minutes. Very user-friendly.,4,2023-09-02,PROD-0012
I think Fast shipping and the product arrived in perfect condition. Not sure about it.,4,2024-01-24,PROD-0018
Terrible quality. Broke after just two weeks of normal use.,2,2023-02-09,PROD-0020
"In my opinion, Customer support was extremely helpful when I had questions. Time will tell.",4,2023-06-04,PROD-0008
"Overall, Works as described. Not amazing but not terrible either.",3,2024-07-19,PROD-0011
I think Absolutely love this product! The quality is outstanding and it works perfectly. Time will tell.,5,2023-02-18,PROD-0007
Stopped working after one month. No response from warranty. Not sure about it.,1,2023-09-22,PROD-0003
great,5,2024-08-18,PROD-0015
The software is buggy and crashes constantly.,1,2024-09-18,PROD-0007
"In my opinion, The noise cancellation is phenomenal. Blocks out everything.",5,2023-10-02,PROD-0017
I think Does not fit properly despite following the size guide.,2,2023-08-06,PROD-0018
"Overall, Solid construction, feels premium. Worth every penny. Would buy again.",4,2023-05-13,PROD-0020
"Honestly, Solid construction, feels premium. Worth every penny.",5,2024-03-07,PROD-0010
"Honestly, The screen is dim and colors look washed out.",2,2023-11-27,PROD-0019
"In my opinion, Does not fit properly despite following the size guide. Would buy again.",2,2024-02-12,PROD-0008
Mixed feelings. The design is nice but performance is mediocre.,3,2023-06-18,PROD-0003
"In my opinion, Way too expensive for what you get. Total ripoff. Time will tell.",1,2023-02-16,PROD-0005
The noise cancellation is phenomenal. Blocks out everything. Not sure about it.,5,2024-08-08,PROD-0015
"Overall, Mixed feelings. The design is nice but performance is mediocre. Time will tell.",3,2023-08-13,PROD-0003
"Solid construction, feels premium. Worth every penny.",5,2023-07-23,PROD-0008
"Overall, Perfect fit and very comfortable to wear for long periods.",5,2023-10-18,PROD-0008
Perfect fit and very comfortable to wear for long periods. Not sure about it.,5,2024-09-16,PROD-0002
Works as described. Not amazing but not terrible either.,3,2024-06-12,PROD-0013
"In my opinion, Battery life is incredible, lasts all day with heavy use. Would buy again.",4,2024-03-26,PROD-0020
"Overall, Works seamlessly with all my devices. Great compatibility.",5,2024-01-25,PROD-0006
"In my opinion, It's okay. Nothing special but gets the job done. Not sure about it.",3,2023-03-11,PROD-0013
"Overall, Works seamlessly with all my devices. Great compatibility.",4,2024-10-24,PROD-0011
"Honestly, Absolutely love this product! The quality is outstanding and it works perfectly.",4,2023-09-09,PROD-0006
Customer support was extremely helpful when I had questions.,5,2024-08-03,PROD-0020
Works seamlessly with all my devices. Great compatibility. Would buy again.,5,2024-09-03,PROD-0013
Stopped working after one month. No response from warranty. Not sure about it.,2,2023-02-01,PROD-0007
"Overall, Very impressed with the features at this price point. Not sure about it.",5,2024-08-25,PROD-0010
"In my opinion, The display is gorgeous with vibrant colors and sharp text.",5,2024-09-28,PROD-0001
"Honestly, Best purchase I've made this year. Highly recommend to everyone.",5,2024-05-09,PROD-0020
"Solid construction, feels premium. Worth every penny. Not sure about it.",5,2024-10-13,PROD-0020
Best purchase I've made this year. Highly recommend to everyone. We'll see how it holds up.,5,2024-11-07,PROD-0019
"Honestly, Works seamlessly with all my devices. Great compatibility. We'll see how it holds up.",5,2023-11-21,PROD-0011
Customer service was unhelpful and rude when I called.,1,2023-08-05,PROD-0006
"Honestly, Customer support was extremely helpful when I had questions. Would buy again.",4,2023-06-04,PROD-0018
"Awful quality, horrible experience, never buying again.",5,2024-12-26,PROD-0016
I think Setup took less than 5 minutes. Very user-friendly. We'll see how it holds up.,5,2024-08-27,PROD-0001
Customer support was extremely helpful when I had questions. Would buy again.,5,2023-09-14,PROD-0014
"Overall, The noise cancellation is phenomenal. Blocks out everything.",5,2023-06-23,PROD-0003
Fast shipping and the product arrived in perfect condition.,5,2024-07-24,PROD-0015
"Solid construction, feels premium. Worth every penny. Time will tell.",5,2023-06-01,PROD-0016
Very disappointed. The product feels cheap and flimsy. Time will tell.,1,2024-05-27,PROD-0009
Arrived damaged and the return process was a nightmare.,1,2024-07-11,PROD-0010
The sound quality is awful. Tinny and distorted at any volume.,2,2023-09-01,PROD-0003
Perfect perfect perfect love it so much best ever!!!!,5,2023-01-13,PROD-0016
"Overall, Solid construction, feels premium. Worth every penny. We'll see how it holds up.",5,2023-01-11,PROD-0002
"Honestly, The build quality is fantastic. Very durable and well-made product.",4,2024-11-22,PROD-0019
"Honestly, Setup took less than 5 minutes. Very user-friendly.",5,2024-03-04,PROD-0004
"In my opinion, Very impressed with the features at this price point. Would buy again.",5,2023-05-25,PROD-0004
I think Worst purchase ever. Does not work as advertised at all. Time will tell.,2,2024-05-17,PROD-0015
Customer service was unhelpful and rude when I called. Not sure about it.,1,2023-12-26,PROD-0010
"In my opinion, The noise cancellation is phenomenal. Blocks out everything. Would buy again.",4,2024-03-18,PROD-0017
Works seamlessly with all my devices. Great compatibility. Not sure about it.,5,2023-10-04,PROD-0017
I think Very disappointed. The product feels cheap and flimsy. Time will tell.,1,2023-09-10,PROD-0011
"Honestly, It's okay. Nothing special but gets the job done.",3,2024-03-17,PROD-0020
"Average product. Some good features, some not so great. Would buy again.",3,2024-09-10,PROD-0013
Mixed feelings. The design is nice but performance is mediocre.,3,2023-07-18,PROD-0013
I think The noise cancellation is phenomenal. Blocks out everything.,5,2023-05-04,PROD-0002
I think The screen is dim and colors look washed out.,2,2024-12-14,PROD-0020
"Overall, It's okay. Nothing special but gets the job done. Time will tell.",3,2024-10-21,PROD-0018
"Honestly, Mixed feelings. The design is nice but performance is mediocre. Time will tell.",3,2023-10-08,PROD-0008
Perfect fit and very comfortable to wear for long periods. Would buy again.,5,2023-03-20,PROD-0005
"In my opinion, The software is buggy and crashes constantly.",2,2023-12-06,PROD-0002
I think The software is buggy and crashes constantly. Would buy again.,1,2023-10-21,PROD-0006
I think Works as described. Not amazing but not terrible either. Time will tell.,3,2023-09-04,PROD-0015
I think Perfect fit and very comfortable to wear for long periods. Not sure about it.,4,2024-04-24,PROD-0004
"Honestly, Sound quality is amazing for this price range. Crystal clear audio. Not sure about it.",5,2023-01-05,PROD-0006
Setup took less than 5 minutes. Very user-friendly. Not sure about it.,5,2024-08-17,PROD-0020
"Overall, Very disappointed. The product feels cheap and flimsy. Not sure about it.",2,2023-04-09,PROD-0010
great,5,2024-05-06,PROD-0003
"Honestly, Decent for the price. You get what you pay for. We'll see how it holds up.",3,2023-02-22,PROD-0014
I think Way too expensive for what you get. Total ripoff. Not sure about it.,1,2024-10-02,PROD-0005
Sleek design and very lightweight. Perfect for travel.,5,2023-05-20,PROD-0010
I think Very impressed with the features at this price point.,4,2024-11-20,PROD-0003
"In my opinion, Made a lot of noise and overheated quickly. We'll see how it holds up.",2,2023-08-17,PROD-0017
"Honestly, Love the compact size. Doesn't take up much space at all.",5,2024-06-06,PROD-0002
Made a lot of noise and overheated quickly.,2,2023-07-05,PROD-0005
"In my opinion, Perfect fit and very comfortable to wear for long periods. Time will tell.",4,2023-12-21,PROD-0018
"In my opinion, Works seamlessly with all my devices. Great compatibility. We'll see how it holds up.",4,2024-11-18,PROD-0010
"Honestly, Great value for the money. Exceeded my expectations in every way. Would buy again.",4,2023-01-08,PROD-0007
"Overall, Worst purchase ever. Does not work as advertised at all.",2,2024-03-08,PROD-0014
I think Sound quality is amazing for this price range. Crystal clear audio. Would buy again.,5,2024-06-09,PROD-0020
I think Extremely slow performance. Freezes during basic tasks. Would buy again.,2,2023-10-10,PROD-0011
Great value for the money. Exceeded my expectations in every way. Time will tell.,4,2024-03-06,PROD-0011
"Overall, Love the compact size. Doesn't take up much space at all. We'll see how it holds up.",4,2023-11-08,PROD-0010
Easy to set up and use right out of the box. Intuitive design. Not sure about it.,4,2024-09-23,PROD-0014
Worst purchase ever. Does not work as advertised at all. Would buy again.,1,2024-06-27,PROD-0010
"Honestly, Worst purchase ever. Does not work as advertised at all. We'll see how it holds up.",2,2023-09-19,PROD-0001
Easy to set up and use right out of the box. Intuitive design.,5,2024-08-25,PROD-0003
"In my opinion, Love the compact size. Doesn't take up much space at all.",5,2023-03-16,PROD-0017
"Overall, Absolutely love this product! The quality is outstanding and it works perfectly.",5,2024-01-05,PROD-0003
"Overall, Very uncomfortable to use. Gave me headaches after 30 minutes. We'll see how it holds up.",2,2024-06-04,PROD-0005
"In my opinion, The display is gorgeous with vibrant colors and sharp text.",5,2024-08-20,PROD-0006
The noise cancellation is phenomenal. Blocks out everything.,4,2023-01-14,PROD-0005
"Overall, Excellent product, bought a second one for my office. Time will tell.",5,2024-03-16,PROD-0018
Made a lot of noise and overheated quickly.,1,2023-08-06,PROD-0006
Way too expensive for what you get. Total ripoff. Would buy again.,1,2023-05-07,PROD-0008
Absolutely love this product! The quality is outstanding and it works perfectly.,5,2024-11-04,PROD-0005
I think Best purchase I've made this year. Highly recommend to everyone.,5,2023-09-24,PROD-0007
I think Very disappointed. The product feels cheap and flimsy.,1,2024-01-11,PROD-0009
Battery barely lasts 2 hours. Complete waste of money. We'll see how it holds up.,1,2023-04-23,PROD-0012
"Overall, Very disappointed. The product feels cheap and flimsy. We'll see how it holds up.",1,2024-10-02,PROD-0006
"In my opinion, Worst purchase ever. Does not work as advertised at all. We'll see how it holds up.",2,2023-03-06,PROD-0006
"Overall, Sound quality is amazing for this price range. Crystal clear audio. Would buy again.",5,2024-12-19,PROD-0017
The screen is dim and colors look washed out.,1,2024-07-02,PROD-0018
"Honestly, Extremely slow performance. Freezes during basic tasks.",2,2024-09-09,PROD-0018
The sound quality is awful. Tinny and distorted at any volume. Would buy again.,1,2023-08-08,PROD-0011
"I think Average product. Some good features, some not so great. Would buy again.",3,2023-07-10,PROD-0020
"In my opinion, Decent for the price. You get what you pay for. We'll see how it holds up.",3,2024-06-09,PROD-0009
"Honestly, Battery barely lasts 2 hours. Complete waste of money.",1,2023-04-21,PROD-0014
"Honestly, Extremely slow performance. Freezes during basic tasks.",1,2023-05-24,PROD-0003
The screen is dim and colors look washed out.,2,2024-10-19,PROD-0014
I think The screen is dim and colors look washed out. Not sure about it.,1,2023-01-22,PROD-0003
I think Mixed feelings. The design is nice but performance is mediocre. We'll see how it holds up.,3,2024-12-13,PROD-0013
"Overall, Works seamlessly with all my devices. Great compatibility.",4,2024-06-14,PROD-0014
Very disappointed. The product feels cheap and flimsy. We'll see how it holds up.,1,2023-05-16,PROD-0010
I think Easy to set up and use right out of the box. Intuitive design. Time will tell.,5,2023-02-04,PROD-0005
"In my opinion, Made a lot of noise and overheated quickly. Time will tell.",1,2023-01-15,PROD-0012
I think The software is buggy and crashes constantly. Not sure about it.,1,2024-09-14,PROD-0005
"In my opinion, Average product. Some good features, some not so great. Would buy again.",3,2024-01-11,PROD-0004
I think Sound quality is amazing for this price range. Crystal clear audio.,4,2023-04-20,PROD-0008
"Overall, Mixed feelings. The design is nice but performance is mediocre.",3,2024-06-15,PROD-0001
"Battery life is incredible, lasts all day with heavy use. Not sure about it.",5,2024-09-16,PROD-0009
"Honestly, Sound quality is amazing for this price range. Crystal clear audio. Not sure about it.",4,2024-12-22,PROD-0003
I think Terrible quality. Broke after just two weeks of normal use.,2,2023-07-16,PROD-0013
I think Stopped working after one month. No response from warranty.,2,2024-05-07,PROD-0015
"In my opinion, The noise cancellation is phenomenal. Blocks out everything. Time will tell.",4,2024-06-10,PROD-0013
"In my opinion, Perfect fit and very comfortable to wear for long periods. Time will tell.",4,2023-07-22,PROD-0019
"In my opinion, Sound quality is amazing for this price range. Crystal clear audio. Time will tell.",5,2024-09-27,PROD-0001
Customer support was extremely helpful when I had questions. We'll see how it holds up.,5,2023-05-02,PROD-0002
The screen is dim and colors look washed out.,1,2024-10-07,PROD-0002
The software is buggy and crashes constantly.,2,2023-10-28,PROD-0015
"Overall, Very uncomfortable to use. Gave me headaches after 30 minutes.",1,2024-04-18,PROD-0014
The software is buggy and crashes constantly. Time will tell.,2,2023-11-19,PROD-0012
I think This exceeded all my expectations. The performance is top-notch. We'll see how it holds up.,5,2023-04-14,PROD-0013
"Overall, Decent for the price. You get what you pay for. Not sure about it.",3,2024-02-20,PROD-0004
This exceeded all my expectations. The performance is top-notch.,5,2023-10-09,PROD-0002
"Overall, Mixed feelings. The design is nice but performance is mediocre.",3,2023-04-07,PROD-0012
"Honestly, The display is gorgeous with vibrant colors and sharp text. Would buy again.",4,2024-10-08,PROD-0001
I think Very uncomfortable to use. Gave me headaches after 30 minutes. Time will tell.,1,2024-05-03,PROD-0013
"Honestly, Very disappointed. The product feels cheap and flimsy. Time will tell.",1,2023-05-14,PROD-0013
I think Customer support was extremely helpful when I had questions. We'll see how it holds up.,5,2024-07-27,PROD-0019
"Honestly, Easy to set up and use right out of the box. Intuitive design.",5,2023-06-15,PROD-0009
"In my opinion, Easy to set up and use right out of the box. Intuitive design.",4,2023-03-27,PROD-0020
"I think Solid construction, feels premium. Worth every penny. We'll see how it holds up.",5,2023-12-23,PROD-0013
The sound quality is awful. Tinny and distorted at any volume. Would buy again.,2,2023-07-26,PROD-0008
Terrible quality. Broke after just two weeks of normal use.,2,2024-01-25,PROD-0014
"Honestly, Mixed feelings. The design is nice but performance is mediocre.",3,2024-08-28,PROD-0016
This is garbage. Complete junk. Worst thing I ever purchased.,5,2023-08-08,PROD-0019
"Honestly, Setup took less than 5 minutes. Very user-friendly.",4,2024-12-16,PROD-0006
Best purchase I've made this year. Highly recommend to everyone.,4,2023-06-12,PROD-0010
I think Decent for the price. You get what you pay for. Would buy again.,3,2023-04-08,PROD-0002
"Honestly, Fast shipping and the product arrived in perfect condition. We'll see how it holds up.",5,2024-11-27,PROD-0018
"Overall, Terrible quality. Broke after just two weeks of normal use. Would buy again.",1,2023-02-16,PROD-0007
It's okay. Nothing special but gets the job done. We'll see how it holds up.,3,2024-11-12,PROD-0003
Easy to set up and use right out of the box. Intuitive design. Not sure about it.,4,2023-04-28,PROD-0017
Perfect fit and very comfortable to wear for long periods. We'll see how it holds up.,4,2024-06-09,PROD-0003
Very uncomfortable to use. Gave me headaches after 30 minutes. Would buy again.,2,2023-07-24,PROD-0016
Worst purchase ever. Does not work as advertised at all. Would buy again.,2,2023-10-04,PROD-0006
"Honestly, Best purchase I've made this year. Highly recommend to everyone.",5,2023-12-08,PROD-0010
"Overall, Fast shipping and the product arrived in perfect condition. We'll see how it holds up.",5,2023-09-21,PROD-0006
"Overall, Sleek design and very lightweight. Perfect for travel.",5,2023-03-14,PROD-0017
I think Customer service was unhelpful and rude when I called. We'll see how it holds up.,1,2023-12-22,PROD-0001
"In my opinion, Setup took less than 5 minutes. Very user-friendly.",4,2024-05-07,PROD-0004
"Overall, Way too expensive for what you get. Total ripoff. Time will tell.",1,2024-09-07,PROD-0012
"Honestly, Fast shipping and the product arrived in perfect condition.",4,2023-05-15,PROD-0008
Does not fit properly despite following the size guide.,2,2024-07-09,PROD-0005
"Honestly, Decent for the price. You get what you pay for.",3,2023-05-26,PROD-0008
I think Setup took less than 5 minutes. Very user-friendly.,4,2023-07-13,PROD-0019
"In my opinion, Made a lot of noise and overheated quickly. Time will tell.",1,2024-09-14,PROD-0012
Customer service was unhelpful and rude when I called.,1,2024-05-16,PROD-0018
"Excellent product, bought a second one for my office. Would buy again.",5,2023-02-23,PROD-0008
"Average product. Some good features, some not so great.",3,2024-05-10,PROD-0015
"Overall, The screen is dim and colors look washed out.",2,2024-09-13,PROD-0014
Great value for the money. Exceeded my expectations in every way. Would buy again.,5,2024-01-28,PROD-0011
"Overall, Love the compact size. Doesn't take up much space at all.",5,2023-10-22,PROD-0009
"Overall, Customer support was extremely helpful when I had questions. We'll see how it holds up.",4,2024-02-25,PROD-0004
"Overall, The build quality is fantastic. Very durable and well-made product.",4,2023-08-01,PROD-0012
"Honestly, Arrived damaged and the return process was a nightmare.",1,2023-08-05,PROD-0011
"In my opinion, Decent for the price. You get what you pay for. We'll see how it holds up.",3,2023-06-16,PROD-0020
"Overall, Perfect fit and very comfortable to wear for long periods.",5,2024-01-18,PROD-0008
"In my opinion, Decent for the price. You get what you pay for. Time will tell.",3,2024-01-02,PROD-0019
"Honestly, Extremely slow performance. Freezes during basic tasks. Not sure about it.",2,2024-12-04,PROD-0004
"Honestly, Battery barely lasts 2 hours. Complete waste of money.",2,2023-02-25,PROD-0008
Great value for the money. Exceeded my expectations in every way. We'll see how it holds up.,5,2024-01-01,PROD-0011
"Honestly, Customer service was unhelpful and rude when I called.",2,2023-04-05,PROD-0010
"In my opinion, Customer support was extremely helpful when I had questions.",5,2023-08-12,PROD-0019
"Overall, Sound quality is amazing for this price range. Crystal clear audio. We'll see how it holds up.",5,2024-03-18,PROD-0002
"Solid construction, feels premium. Worth every penny. We'll see how it holds up.",5,2024-02-10,PROD-0002
"In my opinion, Perfect fit and very comfortable to wear for long periods.",4,2024-01-11,PROD-0016
Very uncomfortable to use. Gave me headaches after 30 minutes. Would buy again.,1,2024-02-07,PROD-0018
"Battery life is incredible, lasts all day with heavy use.",5,2023-12-20,PROD-0007
"In my opinion, It's okay. Nothing special but gets the job done.",3,2023-12-17,PROD-0009
The screen is dim and colors look washed out.,2,2024-07-26,PROD-0011
"Honestly, Easy to set up and use right out of the box. Intuitive design.",5,2024-07-05,PROD-0012
"Overall, Extremely slow performance. Freezes during basic tasks.",2,2024-10-22,PROD-0015
Customer support was extremely helpful when I had questions.,5,2024-06-15,PROD-0011
The build quality is fantastic. Very durable and well-made product. Not sure about it.,5,2024-09-03,PROD-0009
Made a lot of noise and overheated quickly.,2,2024-01-17,PROD-0012
"Honestly, Worst purchase ever. Does not work as advertised at all. Would buy again.",2,2023-10-02,PROD-0013
Sleek design and very lightweight. Perfect for travel. Time will tell.,5,2023-07-27,PROD-0016
"Honestly, Works seamlessly with all my devices. Great compatibility. Time will tell.",4,2024-02-01,PROD-0019
"In my opinion, Stopped working after one month. No response from warranty. We'll see how it holds up.",2,2024-08-18,PROD-0008
"In my opinion, Fast shipping and the product arrived in perfect condition.",5,2023-02-08,PROD-0014
Best purchase I've made this year. Highly recommend to everyone.,5,2024-12-03,PROD-0018
Sound quality is amazing for this price range. Crystal clear audio. Time will tell.,4,2023-07-04,PROD-0019
I think Sleek design and very lightweight. Perfect for travel. Time will tell.,4,2024-05-27,PROD-0006
"Honestly, Perfect fit and very comfortable to wear for long periods. Time will tell.",5,2023-05-07,PROD-0018
"Solid construction, feels premium. Worth every penny. Not sure about it.",5,2024-11-01,PROD-0015
"Overall, The screen is dim and colors look washed out.",1,2024-02-12,PROD-0013
Perfect perfect perfect love it so much best ever!!!!,5,2023-09-23,PROD-0016
It's okay. Nothing special but gets the job done.,3,2024-06-17,PROD-0014
"Honestly, Solid construction, feels premium. Worth every penny.",5,2023-02-06,PROD-0010
"Overall, Very uncomfortable to use. Gave me headaches after 30 minutes.",1,2024-06-20,PROD-0009
"Awful quality, horrible experience, never buying again.",5,2024-12-22,PROD-0013
"Honestly, Mixed feelings. The design is nice but performance is mediocre. Would buy again.",3,2024-09-24,PROD-0016
"Overall, Love the compact size. Doesn't take up much space at all.",4,2023-04-03,PROD-0002
"In my opinion, Mixed feelings. The design is nice but performance is mediocre.",3,2023-08-21,PROD-0003
I think Works as described. Not amazing but not terrible either. We'll see how it holds up.,3,2024-06-05,PROD-0004
This exceeded all my expectations. The performance is top-notch.,4,2024-04-26,PROD-0007
Easy to set up and use right out of the box. Intuitive design. Not sure about it.,5,2024-05-05,PROD-0007
Very impressed with the features at this price point.,4,2024-08-20,PROD-0001
"Honestly, It's okay. Nothing special but gets the job done. We'll see how it holds up.",3,2024-08-25,PROD-0008
I think The build quality is fantastic. Very durable and well-made product. Would buy again.,5,2024-08-20,PROD-0017
"In my opinion, Decent for the price. You get what you pay for. Would buy again.",3,2024-09-14,PROD-0018
Very uncomfortable to use. Gave me headaches after 30 minutes. We'll see how it holds up.,2,2023-09-28,PROD-0018
I think Sound quality is amazing for this price range. Crystal clear audio. Would buy again.,5,2023-07-19,PROD-0019
Best purchase I've made this year. Highly recommend to everyone. Not sure about it.,4,2023-01-26,PROD-0013
This exceeded all my expectations. The performance is top-notch.,4,2023-02-21,PROD-0015
"Overall, Best purchase I've made this year. Highly recommend to everyone.",4,2024-05-15,PROD-0012
"Honestly, Sleek design and very lightweight. Perfect for travel. We'll see how it holds up.",4,2024-10-10,PROD-0001
"Overall, Battery barely lasts 2 hours. Complete waste of money.",1,2023-02-16,PROD-0018
"Overall, Very impressed with the features at this price point.",4,2023-08-06,PROD-0015
"Overall, Absolutely love this product! The quality is outstanding and it works perfectly. Not sure about it.",5,2024-06-01,PROD-0006
"Overall, Does not fit properly despite following the size guide.",2,2024-11-15,PROD-0019
"In my opinion, Setup took less than 5 minutes. Very user-friendly.",5,2023-05-25,PROD-0018
"Honestly, The software is buggy and crashes constantly.",2,2024-01-02,PROD-0011
"Overall, Extremely slow performance. Freezes during basic tasks. We'll see how it holds up.",2,2023-09-26,PROD-0010
"Honestly, Way too expensive for what you get. Total ripoff. Not sure about it.",1,2023-02-10,PROD-0020
The noise cancellation is phenomenal. Blocks out everything.,5,2023-11-10,PROD-0012
Perfect fit and very comfortable to wear for long periods.,4,2023-08-23,PROD-0010
"Overall, Average product. Some good features, some not so great.",3,2023-03-01,PROD-0020
"In my opinion, The sound quality is awful. Tinny and distorted at any volume. We'll see how it holds up.",1,2023-01-22,PROD-0013
"Honestly, Sleek design and very lightweight. Perfect for travel. Time will tell.",5,2023-04-20,PROD-0017
I think Decent for the price. You get what you pay for. Not sure about it.,3,2023-03-14,PROD-0020
"In my opinion, Great value for the money. Exceeded my expectations in every way. We'll see how it holds up.",4,2023-01-15,PROD-0011
Best purchase I've made this year. Highly recommend to everyone.,4,2023-07-04,PROD-0012
"Honestly, The sound quality is awful. Tinny and distorted at any volume. We'll see how it holds up.",2,2024-10-28,PROD-0018
"Overall, Very impressed with the features at this price point. Would buy again.",5,2024-09-23,PROD-0009
Mixed feelings. The design is nice but performance is mediocre. Time will tell.,3,2024-04-07,PROD-0019
BUY THIS RIGHT NOW YOU WONT REGRET IT BEST THING EVER MADE,5,2024-04-20,PROD-0004
The sound quality is awful. Tinny and distorted at any volume. Time will tell.,1,2023-05-12,PROD-0011
Works seamlessly with all my devices. Great compatibility.,4,2024-04-09,PROD-0005
It's okay. Nothing special but gets the job done.,3,2024-11-26,PROD-0004
"Overall, Decent for the price. You get what you pay for.",3,2024-01-20,PROD-0013
It's okay. Nothing special but gets the job done. Would buy again.,3,2024-06-16,PROD-0013
"In my opinion, Battery life is incredible, lasts all day with heavy use.",4,2024-06-23,PROD-0003
"Overall, Very disappointed. The product feels cheap and flimsy. Would buy again.",1,2024-04-04,PROD-0006
"Honestly, Decent for the price. You get what you pay for.",3,2024-05-06,PROD-0002
"In my opinion, Absolutely love this product! The quality is outstanding and it works perfectly.",4,2024-10-07,PROD-0005
The display is gorgeous with vibrant colors and sharp text. Would buy again.,4,2023-02-23,PROD-0010
AMAZING AMAZING AMAZING BEST PRODUCT EVER BUY NOW!!!,5,2024-05-06,PROD-0015
I think Does not fit properly despite following the size guide. Not sure about it.,2,2023-06-03,PROD-0005
"In my opinion, The noise cancellation is phenomenal. Blocks out everything.",5,2023-06-05,PROD-0009
Terrible quality. Broke after just two weeks of normal use. Time will tell.,2,2023-06-25,PROD-0003
Terrible quality. Broke after just two weeks of normal use. Time will tell.,1,2024-01-11,PROD-0017
"In my opinion, Absolutely love this product! The quality is outstanding and it works perfectly.",5,2023-06-14,PROD-0003
Five stars.,5,2024-02-21,PROD-0012
"Honestly, The screen is dim and colors look washed out. We'll see how it holds up.",1,2024-11-03,PROD-0008
"Overall, The build quality is fantastic. Very durable and well-made product. We'll see how it holds up.",4,2024-09-27,PROD-0002
"Honestly, It's okay. Nothing special but gets the job done.",3,2024-05-15,PROD-0009
Absolutely love this product! The quality is outstanding and it works perfectly.,5,2023-10-28,PROD-0002
"Overall, Setup took less than 5 minutes. Very user-friendly.",4,2023-02-09,PROD-0014
Extremely slow performance. Freezes during basic tasks. We'll see how it holds up.,2,2023-08-26,PROD-0013
"Honestly, The software is buggy and crashes constantly. Time will tell.",2,2023-10-06,PROD-0018
The display is gorgeous with vibrant colors and sharp text. We'll see how it holds up.,5,2023-08-19,PROD-0014
Love the compact size. Doesn't take up much space at all. Not sure about it.,4,2024-07-21,PROD-0015
I think Made a lot of noise and overheated quickly. Time will tell.,1,2023-07-13,PROD-0005
"Honestly, Does not fit properly despite following the size guide.",1,2023-11-20,PROD-0003
Battery barely lasts 2 hours. Complete waste of money.,1,2023-05-25,PROD-0013
"Honestly, The display is gorgeous with vibrant colors and sharp text.",5,2023-10-18,PROD-0007
Decent for the price. You get what you pay for. We'll see how it holds up.,3,2024-03-28,PROD-0013
Perfect fit and very comfortable to wear for long periods. Would buy again.,5,2024-11-25,PROD-0005
"Overall, Battery barely lasts 2 hours. Complete waste of money.",2,2023-02-04,PROD-0003
"Average product. Some good features, some not so great. We'll see how it holds up.",3,2024-09-22,PROD-0020
"Overall, Made a lot of noise and overheated quickly. Time will tell.",2,2023-12-24,PROD-0010
"Battery life is incredible, lasts all day with heavy use. Time will tell.",5,2024-10-18,PROD-0006
"In my opinion, The screen is dim and colors look washed out. Would buy again.",2,2024-07-06,PROD-0001
I think Worst purchase ever. Does not work as advertised at all. Not sure about it.,1,2023-10-22,PROD-0006
Fast shipping and the product arrived in perfect condition. We'll see how it holds up.,5,2023-07-20,PROD-0006
"Honestly, The sound quality is awful. Tinny and distorted at any volume. Would buy again.",2,2023-12-22,PROD-0007
"In my opinion, Very disappointed. The product feels cheap and flimsy. Time will tell.",1,2023-11-06,PROD-0017
"Excellent product, bought a second one for my office. We'll see how it holds up.",4,2024-08-22,PROD-0014
I think Way too expensive for what you get. Total ripoff. Time will tell.,1,2023-08-06,PROD-0008
"In my opinion, Fast shipping and the product arrived in perfect condition.",5,2024-08-14,PROD-0019
Customer support was extremely helpful when I had questions. Time will tell.,5,2024-09-17,PROD-0012
Easy to set up and use right out of the box. Intuitive design.,4,2024-10-28,PROD-0003
"Overall, Battery barely lasts 2 hours. Complete waste of money. We'll see how it holds up.",2,2024-11-05,PROD-0010
Works seamlessly with all my devices. Great compatibility. Time will tell.,4,2024-06-20,PROD-0007
"In my opinion, The display is gorgeous with vibrant colors and sharp text.",4,2023-03-23,PROD-0011
"Overall, The noise cancellation is phenomenal. Blocks out everything. Would buy again.",4,2024-06-09,PROD-0013
Decent for the price. You get what you pay for. Would buy again.,3,2024-12-02,PROD-0018
Best,5,2024-07-28,PROD-0003
"In my opinion, Stopped working after one month. No response from warranty.",2,2023-03-23,PROD-0013
"In my opinion, The noise cancellation is phenomenal. Blocks out everything.",5,2023-08-04,PROD-0009
"In my opinion, Sleek design and very lightweight. Perfect for travel.",4,2024-09-07,PROD-0014
Setup took less than 5 minutes. Very user-friendly.,4,2024-11-20,PROD-0012
"Awful quality, horrible experience, never buying again.",5,2023-08-20,PROD-0002
"In my opinion, Mixed feelings. The design is nice but performance is mediocre. We'll see how it holds up.",3,2024-10-12,PROD-0010
Does not fit properly despite following the size guide.,1,2023-12-08,PROD-0015
"Overall, The sound quality is awful. Tinny and distorted at any volume.",1,2024-05-27,PROD-0012
I think Absolutely love this product! The quality is outstanding and it works perfectly. We'll see how it holds up.,5,2023-06-07,PROD-0006
I think Very impressed with the features at this price point. We'll see how it holds up.,4,2024-06-10,PROD-0002
"Honestly, Worst purchase ever. Does not work as advertised at all. Not sure about it.",1,2024-12-01,PROD-0008
Love the compact size. Doesn't take up much space at all.,4,2023-03-03,PROD-0020
Works as described. Not amazing but not terrible either. We'll see how it holds up.,3,2023-12-24,PROD-0004
I think Customer service was unhelpful and rude when I called. We'll see how it holds up.,1,2024-10-20,PROD-0005
This exceeded all my expectations. The performance is top-notch. Not sure about it.,5,2024-09-22,PROD-0004
"Battery life is incredible, lasts all day with heavy use. Would buy again.",5,2023-05-03,PROD-0012
Works seamlessly with all my devices. Great compatibility.,5,2024-05-02,PROD-0012
"In my opinion, The software is buggy and crashes constantly. We'll see how it holds up.",1,2023-11-02,PROD-0012
"In my opinion, Best purchase I've made this year. Highly recommend to everyone. Would buy again.",4,2024-07-19,PROD-0003
I think Easy to set up and use right out of the box. Intuitive design.,5,2023-12-28,PROD-0005
I think Arrived damaged and the return process was a nightmare.,1,2023-03-11,PROD-0008
"Honestly, Easy to set up and use right out of the box. Intuitive design.",5,2023-06-10,PROD-0013
"In my opinion, Very uncomfortable to use. Gave me headaches after 30 minutes. We'll see how it holds up.",2,2024-09-10,PROD-0006
Extremely slow performance. Freezes during basic tasks. Time will tell.,1,2024-02-16,PROD-0005
"In my opinion, Very uncomfortable to use. Gave me headaches after 30 minutes.",2,2023-07-20,PROD-0010
Perfect fit and very comfortable to wear for long periods. We'll see how it holds up.,4,2023-04-17,PROD-0015
Extremely slow performance. Freezes during basic tasks.,1,2024-02-13,PROD-0008
"Honestly, Works as described. Not amazing but not terrible either. Would buy again.",3,2024-05-28,PROD-0009
"I think Average product. Some good features, some not so great. Time will tell.",3,2023-08-13,PROD-0019
Five stars.,5,2023-01-01,PROD-0020
Sound quality is amazing for this price range. Crystal clear audio. Time will tell.,4,2024-06-26,PROD-0014
"Overall, Way too expensive for what you get. Total ripoff. Would buy again.",2,2024-12-18,PROD-0011
"Overall, Best purchase I've made this year. Highly recommend to everyone. Time will tell.",4,2024-01-01,PROD-0011
"In my opinion, It's okay. Nothing special but gets the job done.",3,2024-03-28,PROD-0010
Love the compact size. Doesn't take up much space at all.,5,2023-06-11,PROD-0007
"Honestly, Sound quality is amazing for this price range. Crystal clear audio.",4,2023-12-27,PROD-0013
"Overall, Perfect fit and very comfortable to wear for long periods.",5,2024-05-27,PROD-0008
Does not fit properly despite following the size guide. We'll see how it holds up.,1,2023-11-12,PROD-0018
Sleek design and very lightweight. Perfect for travel. Time will tell.,4,2023-09-17,PROD-0007
Arrived damaged and the return process was a nightmare. Not sure about it.,2,2024-03-06,PROD-0014
"Honestly, Way too expensive for what you get. Total ripoff. Would buy again.",1,2023-08-26,PROD-0003
"Average product. Some good features, some not so great. We'll see how it holds up.",3,2023-07-19,PROD-0017
"In my opinion, Stopped working after one month. No response from warranty. Would buy again.",1,2024-09-14,PROD-0018
Stopped working after one month. No response from warranty. Time will tell.,2,2024-09-14,PROD-0019
"Honestly, Customer service was unhelpful and rude when I called.",2,2024-11-05,PROD-0011
The software is buggy and crashes constantly. Time will tell.,2,2024-11-04,PROD-0016
"Honestly, Decent for the price. You get what you pay for. Not sure about it.",3,2023-06-12,PROD-0020
"In my opinion, The sound quality is awful. Tinny and distorted at any volume. We'll see how it holds up.",1,2023-07-26,PROD-0011
"Honestly, Customer support was extremely helpful when I had questions.",4,2024-12-14,PROD-0006
Sleek design and very lightweight. Perfect for travel.,5,2024-10-27,PROD-0016
Works as described. Not amazing but not terrible either. Time will tell.,3,2023-03-11,PROD-0005
"In my opinion, Battery barely lasts 2 hours. Complete waste of money. Would buy again.",2,2024-10-01,PROD-0009
Great value for the money. Exceeded my expectations in every way. Would buy again.,5,2023-03-25,PROD-0009
"Average product. Some good features, some not so great. Would buy again.",3,2024-10-16,PROD-0011
Customer service was unhelpful and rude when I called.,2,2023-04-24,PROD-0019
I think The build quality is fantastic. Very durable and well-made product. Not sure about it.,5,2023-07-06,PROD-0017
Best purchase I've made this year. Highly recommend to everyone.,4,2023-07-13,PROD-0013
The build quality is fantastic. Very durable and well-made product. We'll see how it holds up.,4,2023-03-16,PROD-0012
"Honestly, Works as described. Not amazing but not terrible either.",3,2023-02-14,PROD-0006
Customer support was extremely helpful when I had questions. Would buy again.,5,2023-09-13,PROD-0014
I think Very uncomfortable to use. Gave me headaches after 30 minutes.,1,2023-08-15,PROD-0019
"Overall, This exceeded all my expectations. The performance is top-notch. We'll see how it holds up.",5,2024-12-06,PROD-0001
"In my opinion, Battery barely lasts 2 hours. Complete waste of money.",2,2024-02-20,PROD-0018
"Honestly, Way too expensive for what you get. Total ripoff. We'll see how it holds up.",1,2024-11-02,PROD-0001
"In my opinion, This exceeded all my expectations. The performance is top-notch. We'll see how it holds up.",5,2023-06-28,PROD-0018
"In my opinion, Mixed feelings. The design is nice but performance is mediocre.",3,2023-10-04,PROD-0010
"Overall, Average product. Some good features, some not so great. Time will tell.",3,2024-09-16,PROD-0020
Five stars.,5,2024-08-22,PROD-0003
"In my opinion, Setup took less than 5 minutes. Very user-friendly. Would buy again.",5,2023-05-07,PROD-0011
Best purchase I've made this year. Highly recommend to everyone. Time will tell.,5,2023-05-03,PROD-0010
Stopped working after one month. No response from warranty. Time will tell.,1,2024-02-26,PROD-0004
Customer support was extremely helpful when I had questions. Time will tell.,4,2023-08-12,PROD-0019
"Overall, Very impressed with the features at this price point. Time will tell.",5,2024-03-27,PROD-0008
Worst purchase ever. Does not work as advertised at all. Time will tell.,2,2024-10-18,PROD-0019
Stopped working after one month. No response from warranty.,1,2024-06-27,PROD-0014
I think The display is gorgeous with vibrant colors and sharp text. Would buy again.,5,2023-01-05,PROD-0017
good good good good good good product good good,5,2023-01-22,PROD-0013
"Overall, The sound quality is awful. Tinny and distorted at any volume. We'll see how it holds up.",2,2024-06-12,PROD-0009
good good good good good good product good good,5,2023-04-01,PROD-0019
"Honestly, Sound quality is amazing for this price range. Crystal clear audio.",5,2024-12-28,PROD-0011
"Battery life is incredible, lasts all day with heavy use. Time will tell.",5,2023-09-15,PROD-0002
"Overall, Mixed feelings. The design is nice but performance is mediocre. We'll see how it holds up.",3,2023-10-02,PROD-0004
Works as described. Not amazing but not terrible either. Time will tell.,3,2024-11-07,PROD-0011
This is garbage. Complete junk. Worst thing I ever purchased.,5,2023-02-04,PROD-0016
"In my opinion, Solid construction, feels premium. Worth every penny.",5,2023-08-05,PROD-0007
I think Customer support was extremely helpful when I had questions. We'll see how it holds up.,5,2024-09-15,PROD-0004
"Honestly, Solid construction, feels premium. Worth every penny. Would buy again.",5,2024-11-27,PROD-0016
"Terrible product, broke immediately, waste of money, DO NOT BUY.",5,2023-06-02,PROD-0011
"In my opinion, Extremely slow performance. Freezes during basic tasks.",1,2023-11-08,PROD-0007
"Honestly, Solid construction, feels premium. Worth every penny. We'll see how it holds up.",5,2024-10-24,PROD-0005
I think Extremely slow performance. Freezes during basic tasks. Would buy again.,1,2023-08-26,PROD-0001
Love the compact size. Doesn't take up much space at all.,5,2024-09-12,PROD-0002
"Overall, Battery barely lasts 2 hours. Complete waste of money.",1,2024-11-02,PROD-0002
Works as described. Not amazing but not terrible either.,3,2024-01-08,PROD-0014
"Honestly, Sleek design and very lightweight. Perfect for travel. Not sure about it.",5,2024-08-04,PROD-0016
"Average product. Some good features, some not so great. Would buy again.",3,2023-01-21,PROD-0012
"I think Battery life is incredible, lasts all day with heavy use.",4,2024-01-13,PROD-0009
Terrible quality. Broke after just two weeks of normal use.,2,2024-07-04,PROD-0018
"Solid construction, feels premium. Worth every penny. Time will tell.",5,2024-11-11,PROD-0005
Sleek design and very lightweight. Perfect for travel. Time will tell.,5,2023-03-22,PROD-0016
"Overall, The build quality is fantastic. Very durable and well-made product.",4,2024-08-18,PROD-0018
I think Terrible quality. Broke after just two weeks of normal use. We'll see how it holds up.,2,2023-02-03,PROD-0002
"Honestly, The noise cancellation is phenomenal. Blocks out everything. We'll see how it holds up.",5,2024-07-23,PROD-0013
"Honestly, The noise cancellation is phenomenal. Blocks out everything. Time will tell.",5,2024-01-07,PROD-0009
I think Stopped working after one month. No response from warranty.,2,2024-12-28,PROD-0016
Perfect fit and very comfortable to wear for long periods.,5,2023-09-15,PROD-0017
"Honestly, Perfect fit and very comfortable to wear for long periods.",4,2024-08-11,PROD-0003
"Honestly, Easy to set up and use right out of the box. Intuitive design.",4,2023-01-06,PROD-0010
Great value for the money. Exceeded my expectations in every way.,5,2024-12-01,PROD-0012
Extremely slow performance. Freezes during basic tasks. Not sure about it.,1,2023-07-25,PROD-0018
Sleek design and very lightweight. Perfect for travel. Would buy again.,4,2024-06-24,PROD-0014
This is garbage. Complete junk. Worst thing I ever purchased.,5,2023-02-26,PROD-0007
"In my opinion, Easy to set up and use right out of the box. Intuitive design.",5,2024-11-04,PROD-0014
I think Sound quality is amazing for this price range. Crystal clear audio. Time will tell.,5,2024-09-27,PROD-0017
Arrived damaged and the return process was a nightmare. Would buy again.,2,2024-12-23,PROD-0009
"Solid construction, feels premium. Worth every penny. Not sure about it.",5,2023-03-02,PROD-0002
"Solid construction, feels premium. Worth every penny. We'll see how it holds up.",4,2023-01-26,PROD-0011
"Honestly, Customer support was extremely helpful when I had questions. Not sure about it.",4,2024-01-12,PROD-0007
"Average product. Some good features, some not so great.",3,2023-04-19,PROD-0012
I think Customer service was unhelpful and rude when I called. Would buy again.,1,2023-09-26,PROD-0014
"Overall, Arrived damaged and the return process was a nightmare.",1,2024-03-24,PROD-0011
"Battery life is incredible, lasts all day with heavy use. Not sure about it.",4,2024-09-16,PROD-0009
"In my opinion, The sound quality is awful. Tinny and distorted at any volume.",1,2024-03-09,PROD-0016
"In my opinion, Excellent product, bought a second one for my office.",5,2024-01-10,PROD-0014
"In my opinion, Perfect fit and very comfortable to wear for long periods.",5,2024-03-06,PROD-0008
"Honestly, The build quality is fantastic. Very durable and well-made product.",4,2024-08-17,PROD-0005
"In my opinion, Setup took less than 5 minutes. Very user-friendly. Not sure about it.",5,2023-10-03,PROD-0003
I think It's okay. Nothing special but gets the job done.,3,2023-05-16,PROD-0005
Great value for the money. Exceeded my expectations in every way. Not sure about it.,5,2023-06-10,PROD-0015
I think Very disappointed. The product feels cheap and flimsy. We'll see how it holds up.,2,2024-10-21,PROD-0003
I think The screen is dim and colors look washed out. Not sure about it.,1,2023-09-16,PROD-0007
Best purchase I've made this year. Highly recommend to everyone. Time will tell.,4,2023-03-14,PROD-0006
Does not fit properly despite following the size guide. Would buy again.,1,2023-09-13,PROD-0011
"Honestly, It's okay. Nothing special but gets the job done. Time will tell.",3,2023-01-23,PROD-0018
"In my opinion, Arrived damaged and the return process was a nightmare.",2,2023-09-04,PROD-0013
Five stars.,5,2024-02-27,PROD-0015
Battery barely lasts 2 hours. Complete waste of money.,2,2023-08-27,PROD-0007
"In my opinion, Worst purchase ever. Does not work as advertised at all. Not sure about it.",2,2024-07-19,PROD-0016
"Overall, The build quality is fantastic. Very durable and well-made product. Time will tell.",5,2023-12-08,PROD-0001
"Average product. Some good features, some not so great. Not sure about it.",3,2023-08-24,PROD-0019
I think Way too expensive for what you get. Total ripoff.,2,2024-01-03,PROD-0009
"I think Average product. Some good features, some not so great. Time will tell.",3,2023-08-03,PROD-0009
"In my opinion, The software is buggy and crashes constantly.",2,2024-11-24,PROD-0018
"Honestly, Does not fit properly despite following the size guide.",2,2024-05-13,PROD-0016
Best purchase I've made this year. Highly recommend to everyone. Not sure about it.,4,2023-09-24,PROD-0020
Perfect fit and very comfortable to wear for long periods. Would buy again.,5,2023-02-24,PROD-0016
Mixed feelings. The design is nice but performance is mediocre. Would buy again.,3,2023-11-07,PROD-0010
Best purchase I've made this year. Highly recommend to everyone. Time will tell.,4,2024-07-15,PROD-0011
"Overall, Works seamlessly with all my devices. Great compatibility.",4,2024-09-25,PROD-0020
"In my opinion, Absolutely love this product! The quality is outstanding and it works perfectly. Not sure about it.",5,2023-02-12,PROD-0010
I think Decent for the price. You get what you pay for. Not sure about it.,3,2024-12-25,PROD-0018
Customer support was extremely helpful when I had questions.,4,2023-04-03,PROD-0014
"In my opinion, Best purchase I've made this year. Highly recommend to everyone.",4,2024-04-16,PROD-0009
"Overall, This exceeded all my expectations. The performance is top-notch.",5,2023-08-18,PROD-0011
"In my opinion, It's okay. Nothing special but gets the job done.",3,2024-06-08,PROD-0010
"Honestly, Terrible quality. Broke after just two weeks of normal use. Time will tell.",1,2024-09-19,PROD-0005
"Overall, Very uncomfortable to use. Gave me headaches after 30 minutes. We'll see how it holds up.",1,2024-05-09,PROD-0014
"Overall, Perfect fit and very comfortable to wear for long periods. We'll see how it holds up.",5,2023-11-13,PROD-0016
This exceeded all my expectations. The performance is top-notch.,5,2024-06-06,PROD-0015
"In my opinion, Best purchase I've made this year. Highly recommend to everyone.",4,2023-11-16,PROD-0018
I think The screen is dim and colors look washed out. Not sure about it.,1,2024-01-16,PROD-0015
"In my opinion, Arrived damaged and the return process was a nightmare.",1,2023-05-13,PROD-0005
"Honestly, The sound quality is awful. Tinny and distorted at any volume. Time will tell.",2,2024-01-14,PROD-0004
"Excellent product, bought a second one for my office.",5,2023-10-26,PROD-0012
Extremely slow performance. Freezes during basic tasks. We'll see how it holds up.,2,2024-01-09,PROD-0007
Customer support was extremely helpful when I had questions.,5,2024-05-07,PROD-0013
"In my opinion, Great value for the money. Exceeded my expectations in every way. We'll see how it holds up.",4,2023-11-07,PROD-0009
"Overall, Battery life is incredible, lasts all day with heavy use.",5,2024-08-10,PROD-0016
"I think Battery life is incredible, lasts all day with heavy use.",4,2024-02-22,PROD-0012
"Overall, Great value for the money. Exceeded my expectations in every way. Would buy again.",5,2024-02-08,PROD-0004
The display is gorgeous with vibrant colors and sharp text. Would buy again.,4,2023-07-14,PROD-0011
"I think Excellent product, bought a second one for my office. Not sure about it.",5,2023-12-02,PROD-0019
"Honestly, Works seamlessly with all my devices. Great compatibility.",5,2024-07-24,PROD-0004
"Honestly, Customer support was extremely helpful when I had questions.",4,2024-06-16,PROD-0004
Worst purchase ever. Does not work as advertised at all.,2,2024-12-20,PROD-0016
"Overall, Love the compact size. Doesn't take up much space at all.",5,2024-03-20,PROD-0020
Works as described. Not amazing but not terrible either.,3,2024-07-03,PROD-0016
"In my opinion, Easy to set up and use right out of the box. Intuitive design. We'll see how it holds up.",5,2023-03-24,PROD-0001
"Honestly, Customer support was extremely helpful when I had questions. Would buy again.",5,2024-08-15,PROD-0015
"In my opinion, The sound quality is awful. Tinny and distorted at any volume. Not sure about it.",2,2023-07-18,PROD-0018
"Honestly, Best purchase I've made this year. Highly recommend to everyone. Would buy again.",5,2023-12-13,PROD-0011
"Overall, Very disappointed. The product feels cheap and flimsy. Not sure about it.",1,2024-10-24,PROD-0002
Great value for the money. Exceeded my expectations in every way. Would buy again.,4,2024-06-13,PROD-0005
Very impressed with the features at this price point. We'll see how it holds up.,4,2023-09-07,PROD-0018
The screen is dim and colors look washed out.,2,2023-07-02,PROD-0006
Does not fit properly despite following the size guide.,1,2024-10-14,PROD-0003
I think Arrived damaged and the return process was a nightmare. Would buy again.,2,2024-06-06,PROD-0009
"Average product. Some good features, some not so great. Not sure about it.",3,2024-06-21,PROD-0010
I think Best purchase I've made this year. Highly recommend to everyone. Not sure about it.,5,2024-06-22,PROD-0004
"In my opinion, Does not fit properly despite following the size guide.",2,2023-09-26,PROD-0006
Worst purchase ever. Does not work as advertised at all. Not sure about it.,1,2024-03-24,PROD-0003
"In my opinion, Love the compact size. Doesn't take up much space at all. Would buy again.",5,2023-08-18,PROD-0010
"Average product. Some good features, some not so great.",3,2023-02-24,PROD-0002
"Overall, This exceeded all my expectations. The performance is top-notch. Not sure about it.",5,2024-01-19,PROD-0008
The display is gorgeous with vibrant colors and sharp text. We'll see how it holds up.,5,2023-10-17,PROD-0006
"In my opinion, This exceeded all my expectations. The performance is top-notch. Not sure about it.",4,2024-09-10,PROD-0014
"Honestly, It's okay. Nothing special but gets the job done. Would buy again.",3,2023-05-04,PROD-0001
Five stars.,5,2023-07-13,PROD-0011
Absolutely love this product! The quality is outstanding and it works perfectly.,4,2024-08-01,PROD-0014
I think Made a lot of noise and overheated quickly. Time will tell.,2,2023-03-21,PROD-0016
I think Arrived damaged and the return process was a nightmare. Would buy again.,1,2023-06-07,PROD-0007
"In my opinion, Love the compact size. Doesn't take up much space at all. Would buy again.",4,2024-10-02,PROD-0001
"In my opinion, Absolutely love this product! The quality is outstanding and it works perfectly. Time will tell.",5,2023-01-17,PROD-0009
"Overall, Solid construction, feels premium. Worth every penny. Time will tell.",5,2024-10-02,PROD-0018
"In my opinion, The display is gorgeous with vibrant colors and sharp text. Time will tell.",5,2023-04-26,PROD-0020
"Overall, Mixed feelings. The design is nice but performance is mediocre.",3,2024-07-25,PROD-0013
I think Worst purchase ever. Does not work as advertised at all. We'll see how it holds up.,1,2024-06-22,PROD-0013
"Honestly, Best purchase I've made this year. Highly recommend to everyone.",4,2024-04-21,PROD-0017
"Overall, Very uncomfortable to use. Gave me headaches after 30 minutes. We'll see how it holds up.",2,2024-01-08,PROD-0016
"Solid construction, feels premium. Worth every penny. Time will tell.",5,2024-01-08,PROD-0010
Five stars.,5,2023-12-11,PROD-0013
I think Very disappointed. The product feels cheap and flimsy.,1,2024-01-24,PROD-0019
It's okay. Nothing special but gets the job done.,3,2023-10-24,PROD-0005
Mixed feelings. The design is nice but performance is mediocre. Not sure about it.,3,2024-01-21,PROD-0016
"Overall, Best purchase I've made this year. Highly recommend to everyone.",5,2024-10-25,PROD-0019
"Honestly, Battery barely lasts 2 hours. Complete waste of money.",1,2024-12-11,PROD-0009
Arrived damaged and the return process was a nightmare. Time will tell.,1,2023-11-27,PROD-0001
"In my opinion, Battery life is incredible, lasts all day with heavy use.",4,2023-05-17,PROD-0020
I think The sound quality is awful. Tinny and distorted at any volume. Not sure about it.,2,2023-10-05,PROD-0019
Battery barely lasts 2 hours. Complete waste of money. Would buy again.,1,2023-10-17,PROD-0006
"In my opinion, Worst purchase ever. Does not work as advertised at all.",1,2023-12-11,PROD-0016
Works seamlessly with all my devices. Great compatibility.,5,2024-02-03,PROD-0011
The display is gorgeous with vibrant colors and sharp text.,5,2024-04-23,PROD-0003
"Overall, Way too expensive for what you get. Total ripoff. We'll see how it holds up.",1,2024-11-24,PROD-0019
"In my opinion, Average product. Some good features, some not so great. Not sure about it.",3,2023-11-09,PROD-0013
AMAZING AMAZING AMAZING BEST PRODUCT EVER BUY NOW!!!,5,2024-06-22,PROD-0010
Mixed feelings. The design is nice but performance is mediocre. We'll see how it holds up.,3,2023-08-24,PROD-0020
"Overall, Very impressed with the features at this price point. Not sure about it.",5,2024-07-06,PROD-0019
I think Works seamlessly with all my devices. Great compatibility.,5,2024-10-13,PROD-0018
I think Works as described. Not amazing but not terrible either. Time will tell.,3,2024-05-17,PROD-0019
"In my opinion, Love the compact size. Doesn't take up much space at all. Would buy again.",5,2023-01-10,PROD-0012
It's okay. Nothing special but gets the job done. Not sure about it.,3,2023-01-06,PROD-0015
"Overall, Way too expensive for what you get. Total ripoff. Not sure about it.",2,2024-05-19,PROD-0012
"Overall, It's okay. Nothing special but gets the job done. We'll see how it holds up.",3,2024-11-14,PROD-0005
"Overall, Fast shipping and the product arrived in perfect condition.",4,2024-01-28,PROD-0016
Mixed feelings. The design is nice but performance is mediocre.,3,2023-04-11,PROD-0011
"In my opinion, The software is buggy and crashes constantly.",2,2023-05-21,PROD-0007
I think Works seamlessly with all my devices. Great compatibility.,5,2024-11-22,PROD-0013
Perfect perfect perfect love it so much best ever!!!!,5,2023-12-04,PROD-0003
"In my opinion, Sleek design and very lightweight. Perfect for travel.",5,2024-08-02,PROD-0002
I think Does not fit properly despite following the size guide. We'll see how it holds up.,1,2023-03-23,PROD-0002
I think Stopped working after one month. No response from warranty. We'll see how it holds up.,1,2023-06-24,PROD-0008
"In my opinion, Very disappointed. The product feels cheap and flimsy.",2,2023-06-15,PROD-0005
I think The sound quality is awful. Tinny and distorted at any volume. Time will tell.,2,2024-03-25,PROD-0017
"Average product. Some good features, some not so great.",3,2024-08-26,PROD-0014
I think Perfect fit and very comfortable to wear for long periods. We'll see how it holds up.,4,2023-01-07,PROD-0016
"Battery life is incredible, lasts all day with heavy use. We'll see how it holds up.",5,2024-08-12,PROD-0018
I think Fast shipping and the product arrived in perfect condition. Would buy again.,4,2024-09-04,PROD-0002
"Honestly, It's okay. Nothing special but gets the job done. Would buy again.",3,2023-05-07,PROD-0020
"Overall, Customer support was extremely helpful when I had questions.",5,2024-10-20,PROD-0011
Very uncomfortable to use. Gave me headaches after 30 minutes. Would buy again.,2,2024-06-17,PROD-0018
"Excellent product, bought a second one for my office.",4,2023-11-22,PROD-0012
"Overall, Average product. Some good features, some not so great. Time will tell.",3,2024-06-27,PROD-0014
"Terrible product, broke immediately, waste of money, DO NOT BUY.",5,2023-02-02,PROD-0005
Setup took less than 5 minutes. Very user-friendly. Time will tell.,5,2023-01-03,PROD-0007
"Overall, Customer service was unhelpful and rude when I called. We'll see how it holds up.",2,2023-07-21,PROD-0017
Worst purchase ever. Does not work as advertised at all. Time will tell.,2,2024-09-20,PROD-0019
Best,5,2024-02-02,PROD-0003
good good good good good good product good good,5,2024-02-05,PROD-0018
I think The noise cancellation is phenomenal. Blocks out everything.,4,2023-06-18,PROD-0003
Perfect fit and very comfortable to wear for long periods. Not sure about it.,5,2024-02-25,PROD-0009
"In my opinion, The display is gorgeous with vibrant colors and sharp text. Time will tell.",5,2024-11-16,PROD-0014
"Honestly, Made a lot of noise and overheated quickly. Not sure about it.",2,2024-07-25,PROD-0014
Absolutely love this product! The quality is outstanding and it works perfectly. Would buy again.,5,2023-02-16,PROD-0009
Works seamlessly with all my devices. Great compatibility. Would buy again.,4,2024-05-28,PROD-0011
Mixed feelings. The design is nice but performance is mediocre. Would buy again.,3,2023-12-02,PROD-0015
"Honestly, Sound quality is amazing for this price range. Crystal clear audio. Time will tell.",5,2024-04-18,PROD-0007
"Overall, The sound quality is awful. Tinny and distorted at any volume. Not sure about it.",2,2023-09-08,PROD-0018
I think Mixed feelings. The design is nice but performance is mediocre. Not sure about it.,3,2024-11-22,PROD-0002
"Honestly, Customer service was unhelpful and rude when I called.",1,2023-03-28,PROD-0002
Customer support was extremely helpful when I had questions. Would buy again.,5,2023-07-16,PROD-0002
"Overall, The sound quality is awful. Tinny and distorted at any volume.",2,2023-07-23,PROD-0012
I think Customer support was extremely helpful when I had questions.,4,2023-09-05,PROD-0013
I think Great value for the money. Exceeded my expectations in every way.,5,2023-12-28,PROD-0010
"Overall, Does not fit properly despite following the size guide.",1,2024-10-18,PROD-0014
"In my opinion, Very impressed with the features at this price point.",5,2024-10-17,PROD-0011
Great value for the money. Exceeded my expectations in every way. Would buy again.,4,2024-10-03,PROD-0013
"Excellent product, bought a second one for my office.",5,2023-06-18,PROD-0014
"In my opinion, Does not fit properly despite following the size guide. Would buy again.",2,2023-03-19,PROD-0019
"Awful quality, horrible experience, never buying again.",5,2023-01-16,PROD-0003
"Overall, It's okay. Nothing special but gets the job done.",3,2023-11-19,PROD-0020
"In my opinion, It's okay. Nothing special but gets the job done. Not sure about it.",3,2024-09-18,PROD-0001
"In my opinion, This exceeded all my expectations. The performance is top-notch. Not sure about it.",4,2024-12-10,PROD-0019
"Honestly, The noise cancellation is phenomenal. Blocks out everything.",5,2024-03-07,PROD-0011
"I think Solid construction, feels premium. Worth every penny. Would buy again.",4,2023-04-10,PROD-0002
"Honestly, Does not fit properly despite following the size guide.",1,2023-03-05,PROD-0010
Very uncomfortable to use. Gave me headaches after 30 minutes.,2,2023-09-06,PROD-0016
Perfect fit and very comfortable to wear for long periods.,5,2024-05-03,PROD-0007
"Honestly, Arrived damaged and the return process was a nightmare.",1,2024-12-03,PROD-0018
Best,5,2023-11-15,PROD-0007
I think Fast shipping and the product arrived in perfect condition. Not sure about it.,4,2024-06-11,PROD-0013
Easy to set up and use right out of the box. Intuitive design. We'll see how it holds up.,5,2023-05-07,PROD-0002
The screen is dim and colors look washed out. Would buy again.,2,2024-03-21,PROD-0003
Sound quality is amazing for this price range. Crystal clear audio. Time will tell.,5,2023-06-08,PROD-0014
"Honestly, Average product. Some good features, some not so great.",3,2024-10-19,PROD-0005
Very uncomfortable to use. Gave me headaches after 30 minutes.,1,2023-08-12,PROD-0020
Perfect fit and very comfortable to wear for long periods.,5,2023-07-26,PROD-0012
"In my opinion, Perfect fit and very comfortable to wear for long periods. Would buy again.",5,2023-06-18,PROD-0014
I think The software is buggy and crashes constantly. We'll see how it holds up.,1,2023-04-12,PROD-0016
Fast shipping and the product arrived in perfect condition. Not sure about it.,4,2023-07-21,PROD-0010
Setup took less than 5 minutes. Very user-friendly.,4,2023-07-16,PROD-0016
Stopped working after one month. No response from warranty. Time will tell.,2,2024-05-08,PROD-0004
The screen is dim and colors look washed out. Not sure about it.,1,2023-05-01,PROD-0010
"Honestly, Battery barely lasts 2 hours. Complete waste of money.",1,2023-09-01,PROD-0006
I think Absolutely love this product! The quality is outstanding and it works perfectly.,5,2023-02-15,PROD-0004
"In my opinion, Love the compact size. Doesn't take up much space at all. Not sure about it.",5,2023-11-23,PROD-0011
I think Sound quality is amazing for this price range. Crystal clear audio.,5,2024-10-26,PROD-0017
"In my opinion, Easy to set up and use right out of the box. Intuitive design. We'll see how it holds up.",5,2024-07-15,PROD-0003
The display is gorgeous with vibrant colors and sharp text. Not sure about it.,5,2024-01-24,PROD-0015
"Honestly, Arrived damaged and the return process was a nightmare. We'll see how it holds up.",1,2024-06-06,PROD-0004
BUY THIS RIGHT NOW YOU WONT REGRET IT BEST THING EVER MADE,5,2023-07-22,PROD-0019
"Honestly, Decent for the price. You get what you pay for.",3,2024-08-06,PROD-0014
Sound quality is amazing for this price range. Crystal clear audio.,4,2024-06-22,PROD-0008
"Overall, Mixed feelings. The design is nice but performance is mediocre. Time will tell.",3,2023-11-10,PROD-0020
"Honestly, Perfect fit and very comfortable to wear for long periods. We'll see how it holds up.",4,2023-09-20,PROD-0020
"Honestly, Absolutely love this product! The quality is outstanding and it works perfectly.",5,2024-09-13,PROD-0008
I think Customer support was extremely helpful when I had questions. Time will tell.,5,2023-12-15,PROD-0012
"Honestly, Setup took less than 5 minutes. Very user-friendly. Not sure about it.",4,2023-06-22,PROD-0010
"Overall, Worst purchase ever. Does not work as advertised at all.",2,2023-06-14,PROD-0010
I think The build quality is fantastic. Very durable and well-made product. We'll see how it holds up.,4,2024-02-08,PROD-0013
I think Extremely slow performance. Freezes during basic tasks. Would buy again.,2,2023-07-21,PROD-0008
"Honestly, Easy to set up and use right out of the box. Intuitive design. Would buy again.",4,2024-12-19,PROD-0014
"In my opinion, Customer support was extremely helpful when I had questions.",4,2024-03-09,PROD-0012
Easy to set up and use right out of the box. Intuitive design.,5,2023-10-19,PROD-0002
"Battery life is incredible, lasts all day with heavy use.",4,2023-06-04,PROD-0002
"In my opinion, The software is buggy and crashes constantly. Not sure about it.",1,2023-03-16,PROD-0005
Mixed feelings. The design is nice but performance is mediocre. Not sure about it.,3,2024-01-04,PROD-0017
The sound quality is awful. Tinny and distorted at any volume. Would buy again.,2,2023-01-05,PROD-0019
"In my opinion, Arrived damaged and the return process was a nightmare. We'll see how it holds up.",2,2023-07-11,PROD-0008
"Terrible product, broke immediately, waste of money, DO NOT BUY.",5,2023-03-03,PROD-0019
"In my opinion, Absolutely love this product! The quality is outstanding and it works perfectly. Would buy again.",4,2023-08-22,PROD-0004
Mixed feelings. The design is nice but performance is mediocre. Would buy again.,3,2023-11-22,PROD-0003
"In my opinion, Very disappointed. The product feels cheap and flimsy.",2,2024-07-16,PROD-0013
"In my opinion, Very disappointed. The product feels cheap and flimsy.",2,2023-11-27,PROD-0005
The build quality is fantastic. Very durable and well-made product.,4,2023-01-12,PROD-0008
"Awful quality, horrible experience, never buying again.",5,2023-08-20,PROD-0006
"Overall, Worst purchase ever. Does not work as advertised at all. Not sure about it.",2,2024-06-20,PROD-0010
Works as described. Not amazing but not terrible either.,3,2024-11-13,PROD-0008
I think Works as described. Not amazing but not terrible either.,3,2023-06-07,PROD-0018
I think The build quality is fantastic. Very durable and well-made product.,4,2023-11-24,PROD-0013
I think Terrible quality. Broke after just two weeks of normal use. Would buy again.,1,2023-04-09,PROD-0006
"Honestly, Perfect fit and very comfortable to wear for long periods. Time will tell.",5,2023-05-25,PROD-0010
I think It's okay. Nothing special but gets the job done.,3,2023-07-13,PROD-0006
"Overall, The display is gorgeous with vibrant colors and sharp text. Time will tell.",5,2024-07-15,PROD-0018
"Honestly, Extremely slow performance. Freezes during basic tasks.",1,2024-09-02,PROD-0003
"Honestly, Love the compact size. Doesn't take up much space at all.",4,2024-01-05,PROD-0014
good good good good good good product good good,5,2024-07-03,PROD-0018
"Overall, Absolutely love this product! The quality is outstanding and it works perfectly. Time will tell.",5,2023-06-01,PROD-0013
"Overall, Best purchase I've made this year. Highly recommend to everyone. Would buy again.",5,2023-03-04,PROD-0006
"Honestly, Solid construction, feels premium. Worth every penny.",5,2024-05-19,PROD-0020
"Honestly, Average product. Some good features, some not so great.",3,2024-04-17,PROD-0010
"In my opinion, Sleek design and very lightweight. Perfect for travel. Not sure about it.",4,2024-09-15,PROD-0018
"In my opinion, The build quality is fantastic. Very durable and well-made product.",5,2024-07-20,PROD-0017
Made a lot of noise and overheated quickly.,2,2023-02-25,PROD-0017
This is garbage. Complete junk. Worst thing I ever purchased.,5,2023-06-03,PROD-0004
"Overall, The build quality is fantastic. Very durable and well-made product. Would buy again.",4,2024-03-14,PROD-0006
"Overall, Setup took less than 5 minutes. Very user-friendly. Not sure about it.",5,2024-02-01,PROD-0020
Sleek design and very lightweight. Perfect for travel. We'll see how it holds up.,5,2024-12-14,PROD-0014
"In my opinion, The build quality is fantastic. Very durable and well-made product. Time will tell.",4,2024-06-24,PROD-0005
I think Customer support was extremely helpful when I had questions. Would buy again.,5,2024-08-03,PROD-0002
"In my opinion, This exceeded all my expectations. The performance is top-notch.",4,2023-04-07,PROD-0019
Very disappointed. The product feels cheap and flimsy.,1,2024-09-18,PROD-0003
great,5,2024-05-25,PROD-0014
Very disappointed. The product feels cheap and flimsy. We'll see how it holds up.,2,2024-04-08,PROD-0010
"Overall, Very impressed with the features at this price point. We'll see how it holds up.",5,2023-03-01,PROD-0014
I think The display is gorgeous with vibrant colors and sharp text. We'll see how it holds up.,4,2024-01-05,PROD-0017
"Overall, The display is gorgeous with vibrant colors and sharp text. Would buy again.",5,2024-05-16,PROD-0005
The build quality is fantastic. Very durable and well-made product.,5,2023-09-24,PROD-0017
Works seamlessly with all my devices. Great compatibility.,4,2023-07-15,PROD-0008
"Overall, Sound quality is amazing for this price range. Crystal clear audio.",5,2023-07-03,PROD-0015
"Overall, Extremely slow performance. Freezes during basic tasks. We'll see how it holds up.",2,2023-12-07,PROD-0010
"In my opinion, Easy to set up and use right out of the box. Intuitive design. We'll see how it holds up.",4,2024-09-13,PROD-0011
"In my opinion, The display is gorgeous with vibrant colors and sharp text. We'll see how it holds up.",4,2024-10-05,PROD-0008
"Overall, The noise cancellation is phenomenal. Blocks out everything. We'll see how it holds up.",5,2024-11-02,PROD-0008
"I think Average product. Some good features, some not so great. We'll see how it holds up.",3,2024-08-09,PROD-0005
"Overall, It's okay. Nothing special but gets the job done. We'll see how it holds up.",3,2024-08-26,PROD-0020
Way too expensive for what you get. Total ripoff.,2,2024-06-04,PROD-0016
Easy to set up and use right out of the box. Intuitive design.,4,2023-03-07,PROD-0013
"In my opinion, Works seamlessly with all my devices. Great compatibility.",4,2024-08-09,PROD-0008
"In my opinion, The noise cancellation is phenomenal. Blocks out everything.",5,2023-11-11,PROD-0020
"Honestly, Sleek design and very lightweight. Perfect for travel. Would buy again.",5,2023-08-04,PROD-0005
"Overall, This exceeded all my expectations. The performance is top-notch.",5,2024-12-12,PROD-0003
"Overall, Mixed feelings. The design is nice but performance is mediocre. Would buy again.",3,2023-05-20,PROD-0011
Sleek design and very lightweight. Perfect for travel. Time will tell.,5,2023-10-05,PROD-0007
"Honestly, Terrible quality. Broke after just two weeks of normal use.",2,2023-09-16,PROD-0006
"In my opinion, Best purchase I've made this year. Highly recommend to everyone. Not sure about it.",4,2023-07-28,PROD-0016
"In my opinion, Very impressed with the features at this price point.",4,2024-11-23,PROD-0016
Works seamlessly with all my devices. Great compatibility. Would buy again.,5,2024-01-14,PROD-0002
I think Mixed feelings. The design is nice but performance is mediocre.,3,2024-06-18,PROD-0004
I think Setup took less than 5 minutes. Very user-friendly. Time will tell.,5,2023-09-13,PROD-0015
"In my opinion, Way too expensive for what you get. Total ripoff. Time will tell.",1,2023-07-10,PROD-0013
"Honestly, Absolutely love this product! The quality is outstanding and it works perfectly.",5,2023-03-02,PROD-0010
"In my opinion, Mixed feelings. The design is nice but performance is mediocre.",3,2023-04-22,PROD-0011
"In my opinion, Does not fit properly despite following the size guide. Time will tell.",1,2023-07-21,PROD-0001
The software is buggy and crashes constantly.,2,2024-12-07,PROD-0001
The display is gorgeous with vibrant colors and sharp text. We'll see how it holds up.,5,2024-02-13,PROD-0001
Love the compact size. Doesn't take up much space at all.,4,2024-11-22,PROD-0012
The display is gorgeous with vibrant colors and sharp text. We'll see how it holds up.,5,2023-11-28,PROD-0012
"Honestly, Very uncomfortable to use. Gave me headaches after 30 minutes.",1,2024-09-17,PROD-0020
Extremely slow performance. Freezes during basic tasks. We'll see how it holds up.,2,2023-05-20,PROD-0007
I think The build quality is fantastic. Very durable and well-made product. Time will tell.,5,2023-05-22,PROD-0006
Way too expensive for what you get. Total ripoff. Would buy again.,1,2023-01-02,PROD-0012
"In my opinion, Excellent product, bought a second one for my office.",5,2023-12-05,PROD-0010
I think Decent for the price. You get what you pay for. Time will tell.,3,2023-11-06,PROD-0016
I think Very impressed with the features at this price point. Would buy again.,4,2023-02-25,PROD-0014
Love the compact size. Doesn't take up much space at all.,4,2024-02-18,PROD-0008
"Overall, Battery barely lasts 2 hours. Complete waste of money. Would buy again.",1,2024-02-22,PROD-0014
"Honestly, Love the compact size. Doesn't take up much space at all.",5,2023-12-23,PROD-0012
"Overall, Setup took less than 5 minutes. Very user-friendly. We'll see how it holds up.",5,2024-04-26,PROD-0016
"Honestly, It's okay. Nothing special but gets the job done. Would buy again.",3,2024-10-27,PROD-0015
"Honestly, Setup took less than 5 minutes. Very user-friendly.",5,2023-05-18,PROD-0004
"Overall, Mixed feelings. The design is nice but performance is mediocre. Time will tell.",3,2024-11-23,PROD-0006
Customer service was unhelpful and rude when I called. Time will tell.,2,2023-01-17,PROD-0012
"Honestly, Great value for the money. Exceeded my expectations in every way. Would buy again.",4,2023-06-25,PROD-0018
The software is buggy and crashes constantly. Would buy again.,2,2024-11-10,PROD-0011
"Honestly, Excellent product, bought a second one for my office.",4,2024-04-12,PROD-0006
I think Mixed feelings. The design is nice but performance is mediocre.,3,2024-08-13,PROD-0011
"Honestly, This exceeded all my expectations. The performance is top-notch.",4,2024-02-17,PROD-0002
Customer service was unhelpful and rude when I called. Not sure about it.,1,2023-01-07,PROD-0016
"In my opinion, Works as described. Not amazing but not terrible either.",3,2024-07-23,PROD-0012
"I think Average product. Some good features, some not so great.",3,2023-11-19,PROD-0006
"Overall, Made a lot of noise and overheated quickly. We'll see how it holds up.",2,2024-06-10,PROD-0007
"In my opinion, Great value for the money. Exceeded my expectations in every way. Time will tell.",4,2024-09-16,PROD-0002
Perfect fit and very comfortable to wear for long periods. Not sure about it.,5,2024-10-02,PROD-0020
"Honestly, Excellent product, bought a second one for my office.",4,2024-04-17,PROD-0020
I think Great value for the money. Exceeded my expectations in every way.,5,2023-06-20,PROD-0016
"In my opinion, Very impressed with the features at this price point.",4,2023-06-20,PROD-0011
Great value for the money. Exceeded my expectations in every way.,4,2023-06-20,PROD-0020
"Honestly, The software is buggy and crashes constantly. Time will tell.",2,2023-06-13,PROD-0008
Works seamlessly with all my devices. Great compatibility. Would buy again.,5,2024-11-28,PROD-0008
"Honestly, The noise cancellation is phenomenal. Blocks out everything. Would buy again.",5,2023-04-12,PROD-0010
Mixed feelings. The design is nice but performance is mediocre.,3,2023-09-21,PROD-0012
"Overall, Customer service was unhelpful and rude when I called.",1,2023-09-01,PROD-0013
I think Perfect fit and very comfortable to wear for long periods.,5,2024-10-08,PROD-0003
"Overall, Excellent product, bought a second one for my office.",4,2024-10-21,PROD-0019
Battery barely lasts 2 hours. Complete waste of money.,2,2024-02-24,PROD-0001
"Solid construction, feels premium. Worth every penny. Would buy again.",5,2024-12-13,PROD-0016
"Honestly, It's okay. Nothing special but gets the job done.",3,2023-03-17,PROD-0003
"Overall, Decent for the price. You get what you pay for. Time will tell.",3,2023-12-10,PROD-0007
Made a lot of noise and overheated quickly. Time will tell.,2,2024-06-27,PROD-0009
Very impressed with the features at this price point. Would buy again.,5,2024-10-10,PROD-0010
Mixed feelings. The design is nice but performance is mediocre. Would buy again.,3,2023-09-15,PROD-0018
"Overall, Best purchase I've made this year. Highly recommend to everyone. Would buy again.",4,2023-03-01,PROD-0014
"In my opinion, Very impressed with the features at this price point. We'll see how it holds up.",5,2023-04-13,PROD-0020
"In my opinion, Works seamlessly with all my devices. Great compatibility. We'll see how it holds up.",4,2023-03-26,PROD-0006
Absolutely love this product! The quality is outstanding and it works perfectly.,5,2024-04-07,PROD-0019
"Honestly, Sleek design and very lightweight. Perfect for travel.",4,2024-08-19,PROD-0018
"Overall, Very disappointed. The product feels cheap and flimsy. We'll see how it holds up.",1,2023-01-06,PROD-0009
Way too expensive for what you get. Total ripoff.,2,2024-01-13,PROD-0004
"Overall, Battery barely lasts 2 hours. Complete waste of money.",2,2023-12-27,PROD-0009
The display is gorgeous with vibrant colors and sharp text.,5,2024-08-09,PROD-0008
"Overall, Very impressed with the features at this price point. Would buy again.",4,2023-02-10,PROD-0004
Very disappointed. The product feels cheap and flimsy. Not sure about it.,1,2024-02-10,PROD-0013
"Honestly, Worst purchase ever. Does not work as advertised at all. Not sure about it.",2,2024-05-21,PROD-0010
"Honestly, Extremely slow performance. Freezes during basic tasks.",1,2023-02-24,PROD-0008
Decent for the price. You get what you pay for.,3,2023-01-10,PROD-0002
"Honestly, Best purchase I've made this year. Highly recommend to everyone. Would buy again.",5,2023-10-27,PROD-0013
"Overall, Way too expensive for what you get. Total ripoff. We'll see how it holds up.",1,2023-11-11,PROD-0013
"In my opinion, Solid construction, feels premium. Worth every penny. Time will tell.",5,2024-01-16,PROD-0011
"Honestly, Terrible quality. Broke after just two weeks of normal use. We'll see how it holds up.",1,2024-06-27,PROD-0015
"Excellent product, bought a second one for my office.",5,2024-08-04,PROD-0015
"In my opinion, Very impressed with the features at this price point.",5,2024-04-25,PROD-0017
Works seamlessly with all my devices. Great compatibility. Time will tell.,5,2023-10-14,PROD-0006
I think Made a lot of noise and overheated quickly. Not sure about it.,1,2023-07-01,PROD-0008
"Honestly, Works seamlessly with all my devices. Great compatibility. Not sure about it.",4,2023-06-04,PROD-0003
I think Best purchase I've made this year. Highly recommend to everyone. Time will tell.,5,2024-08-16,PROD-0011
I think Fast shipping and the product arrived in perfect condition. We'll see how it holds up.,5,2024-03-24,PROD-0012
Perfect fit and very comfortable to wear for long periods. Would buy again.,4,2023-07-11,PROD-0016
"In my opinion, Average product. Some good features, some not so great. Time will tell.",3,2023-04-03,PROD-0009
"Overall, It's okay. Nothing special but gets the job done. Not sure about it.",3,2023-03-28,PROD-0005
The software is buggy and crashes constantly. We'll see how it holds up.,1,2023-12-28,PROD-0003
"Overall, The build quality is fantastic. Very durable and well-made product. Not sure about it.",4,2023-05-19,PROD-0013
BUY THIS RIGHT NOW YOU WONT REGRET IT BEST THING EVER MADE,5,2024-11-07,PROD-0006
I think Worst purchase ever. Does not work as advertised at all.,2,2024-09-09,PROD-0005
"In my opinion, The sound quality is awful. Tinny and distorted at any volume.",1,2024-10-21,PROD-0008
Extremely slow performance. Freezes during basic tasks. Would buy again.,1,2024-12-23,PROD-0003
I think This exceeded all my expectations. The performance is top-notch. Not sure about it.,5,2024-03-22,PROD-0016
I think The software is buggy and crashes constantly.,2,2023-12-19,PROD-0006
"In my opinion, Great value for the money. Exceeded my expectations in every way.",5,2023-01-17,PROD-0003
Terrible quality. Broke after just two weeks of normal use.,2,2023-05-03,PROD-0013
"Overall, Way too expensive for what you get. Total ripoff. We'll see how it holds up.",1,2023-03-24,PROD-0017
I think Customer support was extremely helpful when I had questions. We'll see how it holds up.,4,2023-08-28,PROD-0013
AMAZING AMAZING AMAZING BEST PRODUCT EVER BUY NOW!!!,5,2024-04-20,PROD-0013
"Honestly, Best purchase I've made this year. Highly recommend to everyone. Would buy again.",4,2024-03-02,PROD-0012
Sleek design and very lightweight. Perfect for travel.,4,2023-04-26,PROD-0019
Love the compact size. Doesn't take up much space at all. We'll see how it holds up.,4,2023-12-17,PROD-0001
Terrible quality. Broke after just two weeks of normal use.,2,2024-01-11,PROD-0010
